ALCHEMY.EMC	"נראה לי שאני מעדיף להיות בפנים."
ALCHEMY.EMC	"מזכיר מאד את כל החפצים המיותרים של זאנתיה."
ALCHEMY.EMC	"אני חושב שזה ללא ספק היה חדר השינה של זאנתיה."
ALCHEMY.EMC	"חדר שינה"
ALCHEMY.EMC	"זה בטח נראה טוב בשיערה של זאנתיה."
ALGAE.EMC	"איך הוא עשה את זה?"
ALGAE.EMC	"שום דבר לא יכול להיות קליל?"
ALGAE.EMC	"מעיין הרוס"
ALGAE.EMC	"הנה הלכו להם הכישופים."
ALTAR.EMC	"אאוץ' ! מקווה שזה מה שברין רצתה!"
ALTAR.EMC	" אאוץ'! "
ALTAR.EMC	"קוצים מעצבנים!"
ALTAR.EMC	"אקח זר שלם של כאלה."
ALTAR.EMC	"כבר לקחתי את השושנה שהייתה שם."
ALTAR.EMC	"חסר איזשהו חלק?"
ALTAR.EMC	"מתאים בדיוק, אפילו בלי דבק!"
ALTAR.EMC	"   היי!  התאמה מושלמת!    "
ALTAR.EMC	"בטוח שתיקנתי את זה!"
ALTAR.EMC	"יכול להיות שהוא מקולקל?"
ALTAR.EMC	"המזבח מקרין קסם עוצמתי."
ALTAR.EMC	"   וואו!"
ALTAR.EMC	"זה בוודאי הקמע!"
ALTAR.EMC	"היי, זה הולך להיות כל כך קל!"
ALTAR.EMC	"פעם המזבח הזה היה זורח באור קסום."
ALTAR.EMC	"הממ... זה מהמהם."
ALTAR.EMC	"זו בהחלט זריחה בריאה!"
ALTAR.EMC	"מזבח יער"
ARCH.EMC	"אוף!  כמה הייתי רוצה לשלוף אחד מהם החוצה!"
ARCH.EMC	"מערת הדמדומים"
ARCH.EMC	"אחח!"
ARCH.EMC	"התחלתי לחשוב שכבר לא אצא משם."
BALCONY.EMC	"הממ.  לא כלום!"
BALCONY.EMC	"התכנון של הבניין הזה מוזר!"
BALCONY.EMC	"אני לא מתכוון לקפוץ את כל הדרך למטה!"
BALCONY.EMC	"ההיכל האדיר"
BALCONY.EMC	"זה אדיר."
BELROOM.EMC	"RAISEPIC.WSA"
BELROOM.EMC	"RINGBELL.WSA"
BELROOM.EMC	"נו נו נו..."
BELROOM.EMC	"אני מקווה שאני לא צריך לשיר עכשיו!"
BELROOM.EMC	" זאנתיה המסכנה. "
BELROOM.EMC	"מקווה שאפשר להשיב גם אותה."
BELROOM.EMC	"נראה שעומדת להתחיל סערה."
BELROOM.EMC	"חבל שאני לא יכול להדליק את זה."
BELROOM.EMC	"ייתכן שזה סבא?"
BELROOM.EMC	"זה עשוי היה להיות החדר של סבא..."
BELROOM.EMC	"...או של זאנתיה."
BELROOM.EMC	"מפתח זהב!"
BELROOM.EMC	"אין שום דבר נוסף שמסתתר מאחורי הדיוקן."
BELROOM.EMC	"פה"
BELROOM.EMC	"מי"
BELROOM.EMC	"רה"
BELROOM.EMC	"דו"
BELROOM.EMC	"חדר שינה"
BELROOM.EMC	"לא יודע אם זה יעבוד..."
BELROOM.EMC	"זה לא שלנו?"
BONKBG.EMC	"עוד הפתעות?"
BONKBG.EMC	"יער אפל"
BONKBG.EMC	"הממ..."
BONKBG.EMC	"...אם יש רוכל בקרבת מקום..."
BONKBG.EMC	"...אקנה גרביים חדשים."
BONKBG.EMC	"BONK.WSA"
BRIDGE.EMC	"גשר רעוע"
BRIDGE.EMC	"היי!"
BRIDGE.EMC	"תיקנת את הגשר, הרמן!"
BRIDGE.EMC	"עכשיו הוא בטוח לגמרי!"
BRIDGE.EMC	"כן, טוב..."
BRIDGE.EMC	"הוא נראה..."
BRIDGE.EMC	"...בנוי בהחלט!"
BRIDGE.EMC	"תודה, ברנדון."
BRIDGE.EMC	"אז היכן המסור שלי?"
BRIDGE.EMC	"טוב...אני...המ...לא חשבתי שאתה רוצה שאחזיר אותו."
BRIDGE.EMC	"אבל, אלך למצוא אותו מיד!"
BRIDGE.EMC	"אני חושב שהוא מבלה יותר מדי זמן במערה הזו."
BRINS.EMC	"ברין... תמיד התייחסתי אליה כמאובנת מאליה."
BRINS.EMC	"היא תמיד הייתה אדיבה כלפיי."
BRINS.EMC	"נראה שעומדת להתחיל סערה ממש בקרוב."
BRINS.EMC	"אני לא אמור לישון בעת שכזו."
BRINS.EMC	"על סמך התפאורה, זה בוודאי חדר השינה של ברין."
BRINS.EMC	"חדר שינה"
BRINS.EMC	"אנסה את זה עלייך, ברין..."
BRINS.EMC	"בריכנית ורודה. נדירה בקירנדיה."
BROKEN.EMC	"ארר!"
BROKEN.EMC	"הגשר נראה הרוס, הרמן."
BROKEN.EMC	"הא?"
BROKEN.EMC	"אתה לא מתכוון לתקן אותו?"
BROKEN.EMC	"כמובן, אבל אני לא יודע איך!"
BROKEN.EMC	"התכוונתי להחליף את הקרשים השבורים, אבל אתה יודע איך הזמן טס."
BROKEN.EMC	"אני רק מקווה שאף אחד חשוב לא ניסה לחצות. "
BROKEN.EMC	"פן יפטרו אותי מהעבודה."
BROKEN.EMC	"אתה לא יכול להשיג חבל וקרשים חדשים?"
BROKEN.EMC	"NEEDSAW1.WSA"
BROKEN.EMC	"אני יכול להשיג חבל חדש."
BROKEN.EMC	"אני רק צריך לנסר קרשים!"
BROKEN.EMC	"אבל אין לי במה לנסר אותם."
BROKEN.EMC	"אראה מה אוכל לעשות."
BROKEN.EMC	"בטח."
BROKEN.EMC	"אלך לנסר כמה עצים להכין עוד קרשים."
BROKEN.EMC	"אני מקווה שהוא לא ינסר לעצמו את הרגל!"
BROKEN.EMC	"זה מסור ישן למדי."
BROKEN.EMC	"זה כלי הנגינה היחיד עליו סבא יודע לנגן."
BROKEN.EMC	"כן, טוב..."
BROKEN.EMC	"נו, אני מניח שאנסה לנסר כמה קרשים חדשים."
BROKEN.EMC	"תודה, הרמן."
BROKEN.EMC	"אני תוהה אם אוכל למצוא משהו שיעזור לו לתקן את הגשר."
BROKEN.EMC	"לא נראה לי שזה יעזור לו לתקן את הגשר."
BROKEN.EMC	"אני תוהה אם אצליח לחצות לצד השני?"
BROKEN.EMC	"החבל הזה נראה כמו הימור..."
BROKEN.EMC	"...אבל אני מהמר עליו בכל זאת!"
BROKEN.EMC	"AGILE.WSA"
BROKEN.EMC	"BALANCE2.WSA"
BROKEN.EMC	"מוטב ללכת על בטוח, נראה לי..."
BROKEN.EMC	"אבל אני עדיין חושב שהייתי מצליח."
BROKEN.EMC	"אתה יודע, הרמן..."
BROKEN.EMC	"נדמה לי שאצליח לחצות."
BROKEN.EMC	"לא יודע, ברנדון."
BROKEN.EMC	"ADVICE.WSA"
BROKEN.EMC	"כל מה שנותר זה החבל הדק הזה..."
BROKEN.EMC	"...וגם הוא כבר לא נראה לגמרי איתנו."
BROKEN.EMC	"שטויות!"
BROKEN.EMC	"אתה לא רומז שאני מגושם במקרה?"
BROKEN.EMC	"רגליי קלות למדי, הרמן."
BROKEN.EMC	"אני אחראי כאן, אם יקרה לך משהו, יאשימו אותי!"
BROKEN.EMC	"הממ..."
BROKEN.EMC	"אני הולך לנסות, הרמן!"
BROKEN.EMC	"חכה!"
BROKEN.EMC	"לפחות תן לי להתקרב, כך שאם תפול לשם--"
BROKEN.EMC	"הנה אני בא!"
BROKEN.EMC	"הוי לא!"
BROKEN.EMC	"עכשיו יאלצו אותי לתקן את הגשר!"
BROKEN.EMC	"אני חושב שאלך על בטוח..."
BROKEN.EMC	"תודה, ברנדון."
BROKEN.EMC	"גשר הרוס"
BROKEN.EMC	"זו לא אשמתי!"
BROKEN.EMC	"האם מצאת משהו שיעזור לי לתקן את הגשר?"
BURN.EMC	"לקחתם כדור בדולח."
BURN.EMC	"חה! נראה לו שאני טיפש?"
BURN.EMC	"עכשיו לי יש את כדור הבדולח."
BURN.EMC	"אאוץ'!  זה לוהט!"
BURN.EMC	"באסה!   אין לי פה נקניקיות."
BURN.EMC	"אאוץ'!"
BURN.EMC	"עץ בוער"
BURN.EMC	"מחשוף מסולע"
BURN.EMC	"נדמה היה לי שהרחתי משהו!"
CASTLE.EMC	"RIDGE.WSA"
CASTLE.EMC	"רכס גבוה"
CASTLE.EMC	"RIDGE2.WSA"
CATACOM.EMC	"נראה כמו מעין שדה כח קסום."
CATACOM.EMC	"זה חייב להתאים למשהו."
CATACOM.EMC	"אין כאן שום דבר נוסף."
CATACOM.EMC	"מעבר צינוק לח"
CATACOM.EMC	"זה עשוי לעבוד."
CATACOM.EMC	" הנה זה בא... "
CAVE.EMC	"כניסה חלולה"
CAVEB.EMC	"היער הערפילי"
CAVEB.EMC	"כניסה חלולה"
CAVEB.EMC	" או או!"
CAVEB.EMC	"נראה לי שאני בצרות!"
CAVEB.EMC	"הייתי שמח למצוא את המלקולם הזה."
CAVEB.EMC	"כמה קשוח הוא יכול להיות?"
CGATE.EMC	"ACIDGATE.WSA"
CGATE.EMC	"הוי, לא!"
CGATE.EMC	"הוי, לא!!"
CGATE.EMC	"GATE.WSA"
CGATE.EMC	"זה בבירור צריך מפתח."
CGATE.EMC	"השער פתוח כעת."
CGATE.EMC	"המפתח לא מתאים לחור."
CGATE.EMC	"תודה, אמא!"
CGATE.EMC	"המפתח מתאים..."
CGATE.EMC	"...אבל האם הוא עבד?"
CGATE.EMC	"השער לטירת קירנדיה"
CHASM.EMC	"חייבת להיות דרך לחצות."
CHASM.EMC	"אני לא יכול לחצות בצורה הנוכחית."
CHASM.EMC	"אני לא יכול לחצות בחזרה בצורה הנוכחית."
CHASM.EMC	"תהום הנפילה הנצחית"
CLIFF.EMC	"צוק דרומי"
DARMS.EMC	"זו הפעם הראשונה שאני רואה את דרם עומד."
DARMS.EMC	"הוא לא תפס גם את ברנדיווין, נכון?"
DARMS.EMC	"זה נראה כל כך נח."
DARMS.EMC	"לא נראה שלדרם יש המון דברים."
DARMS.EMC	"אין לי עם מה להדליק את זה."
DARMS.EMC	"הערות לא ברורות של דרם."
DARMS.EMC	"הכל נראה מת כאן בחוץ."
DARMS.EMC	"אין לי פנאי לשבת במנוחה."
DARMS.EMC	"חדר שינה"
DARMS.EMC	"אתה מיסטיקן..."
DARMS.EMC	"...אבל אנסה..."
DARMS.EMC	"הדבר הזה לא שייך לכרכרה המלכותית?"
DEAD.EMC	"PLANT.WSA"
DEAD.EMC	"PLANT2.WSA"
DEAD.EMC	"אני תוהה איזה מין דשן יהיה הכי טוב?"
DEAD.EMC	"היי, משהו קורה!"
DEAD.EMC	"וואו, האם אני עושה זאת?"
DEAD.EMC	"בוקר טוב."
DEAD.EMC	"שלום."
DEAD.EMC	"האם אתה עץ אגוזים או משהו?"
DEAD.EMC	"אם אתה מוכרח לדעת..."
DEAD.EMC	"...אני פסבדושיחיה כבירצמיחה!"
DEAD.EMC	"אין עליך במקרה זבל פרות..."
DEAD.EMC	"...או כמה דגים רקובים?"
DEAD.EMC	"...אני מורעב!"
DEAD.EMC	"מצטער."
DEAD.EMC	"זה בסדר."
DEAD.EMC	"אפעיל את השורשים שלי..."
DEAD.EMC	"היי שורשים, התעוררו!"
DEAD.EMC	"זמן לצאת לעבודה!"
DEAD.EMC	"אני גווע כאן למעלה!"
DEAD.EMC	"אתה לא מתכוון להעניק לי משהו בתמורה?"
DEAD.EMC	"על פי הוראות הפסבדושיחיה..."
DEAD.EMC	"...עליי:"
DEAD.EMC	"להודות לך על השבת החיים אל ""יער הענפים היבשים""..."
DEAD.EMC	"... וגם ""לבטא את הערכתנו העמוקה""..."
DEAD.EMC	"...וכן הלאה, וכולי..."
DEAD.EMC	"...וש""כאות הערכה על מעשיך אלו"", עליי לאבק אותך כעת."
DEAD.EMC	"   -שיעול-"
DEAD.EMC	"-שיעול-"
DEAD.EMC	"זה נכנס לי לאף!"
DEAD.EMC	"אני מרגיש שונה."
DEAD.EMC	"האם אני חזק יותר, או משהו כזה?"
DEAD.EMC	"אני מניח שזה תלוי בך."
DEAD.EMC	"עשיתי את חלקי, אז אם לא אכפת לך..."
DEAD.EMC	"אשוב להתעסק בבעיות משלי."
DEAD.EMC	"קדימה, שורשים!"
DEAD.EMC	"הבה נצא לדרך..."
DEAD.EMC	"וואו!"
DEAD.EMC	"זה אני עשיתי?"
DEAD.EMC	"מקווה שזה בסדר."
DEAD.EMC	"זה לא נראה מקום מבטיח במיוחד להתחיל לשתול בו גינה.."
DEAD.EMC	"האם עליי להשרות את הזרעים למשך לילה טרם הזריעה?"
DEAD.EMC	" הנה זה בא... "
DEAD.EMC	"כבר זרעתי אצטרובל."
DEAD.EMC	"כבר זרעתי בלוט."
DEAD.EMC	"כבר זרעתי אגוז."
DEAD.EMC	"נראה עמוק!"
DEAD.EMC	"זה בודאי בגודל של כלב."
DEAD.EMC	"אני יודע שיש זרעים בפנים, אבל מתחשק לי לאכול את זה."
DEAD.EMC	"זה זבל, לא גינון."
DEAD.EMC	"לא כדאי להפיל את זה לבור."
DEAD.EMC	"זה עשוי להיות שימושי מאוחר יותר."
DEAD.EMC	"בהצלחה מר שיח."
DEAD.EMC	"אני חושב שתזדקק לה בשכונה הזו."
DEAD.EMC	"יער הענפים היבשים"
DEAD.EMC	"אני לא רוצה לראות את החולד שכרה את הבור הזה!"
DNSTAIR.EMC	"וואו!"
DNSTAIR.EMC	"זה מדהים!"
DNSTAIR.EMC	" זה עצום! "
DNSTAIR.EMC	"SLIDE1.WSA"
DNSTAIR.EMC	"ברוך הבא נערי!"
DNSTAIR.EMC	"SLIDE2.WSA"
DNSTAIR.EMC	"אני רואה שעברת את הכלבלבים שלי!"
DNSTAIR.EMC	"אתה בוודאי פיקח ביותר!"
DNSTAIR.EMC	"אך מאחר ועשית זאת, עליך להישאר עמדי."
DNSTAIR.EMC	"לא תוכל לעזוב את האי הזה."
DNSTAIR.EMC	"יש לי כאן בביתי שני חוקים:"
DNSTAIR.EMC	"אסור להפריע לשנת הבוקר שלי..."
DNSTAIR.EMC	"...ואסור להיכנס לקירספת!"
DNSTAIR.EMC	"זוז הצידה פטפטן סגול!"
DNSTAIR.EMC	"די. די. אני גיליתי סבלנות..."
DNSTAIR.EMC	"לא נוכל להמשיך?"
DNSTAIR.EMC	"הו, וכמובן!"
DNSTAIR.EMC	"אחד מחבריך עבר לשרת אותי כאן."
DNSTAIR.EMC	"הוי הרמן... הרמן... ברנדון הגיע!"
DNSTAIR.EMC	"המממ? אני לא יודע איפה הוא..."
DNSTAIR.EMC	"...אבל אני בטוח שהוא כבר ימצא אותך."
DNSTAIR.EMC	"הוא משתוקק להחזיר לך את המסור."
DNSTAIR.EMC	"חה חה חה"
DNSTAIR.EMC	"איזה מטומטם!"
DNSTAIR.EMC	"בא לי כבר להחטיף לו איזו אחת!"
DNSTAIR.EMC	"בחיי! מדרגות גדולות."
DNSTAIR.EMC	"מעניין לאן הן מובילות?"
DNSTAIR.EMC	"אני ממשיך לצפות שיהיו כאן קליפות בננה."
DNSTAIR.EMC	"הנה זה שוב קורה!"
DNSTAIR.EMC	"UPSTAIRS.WSA"
DNSTAIR.EMC	"היכל הכניסה לטירה"
DNSTAIR.EMC	"DNSTAIRS.WSA"
DRAGON.EMC	"SEALED.WSA"
DRAGON.EMC	"הכניסה חסומה בקרח מוצק."
DRAGON.EMC	"חה חה חה"
DRAGON.EMC	"מה זה לכל הרוחות?"
DRAGON.EMC	"TOSS.WSA"
DRAGON.EMC	"MALENTER.WSA"
DRAGON.EMC	"SHUFFLE2.WSA"
DRAGON.EMC	"JUGGLE.WSA"
DRAGON.EMC	"JUGLTALK.WSA"
DRAGON.EMC	"BEHIND.WSA"
DRAGON.EMC	"JESTTALK.WSA"
DRAGON.EMC	"BRANTALK.WSA"
DRAGON.EMC	"אז, אתה הגיבור שהחליטו לזרוק לעברי?"
DRAGON.EMC	"לא היה אף אחד מתאים יותר לנסות אותי?"
DRAGON.EMC	"אתה מאמין לשקריה של ברין?"
DRAGON.EMC	"אולי אמך תוכל לסייע לך."
DRAGON.EMC	"אמי נפטרה, אדון."
DRAGON.EMC	"אבל שלך עוד בחיים, על בטוח, הרי היא הלבישה אותך!"
DRAGON.EMC	"היזהר, נערי.  אל תעליב אדם עם סכינים."
DRAGON.EMC	"זוז הצדה בבקשה. באתי אל המערה."
DRAGON.EMC	"היזהר, שוטה צעיר..."
DRAGON.EMC	"אני עלול לאבד אחיזה!"
DRAGON.EMC	"DODGE.WSA"
DRAGON.EMC	"לא רוצה להטריח. אבל החטאת את המטרה."
DRAGON.EMC	"אני לא מחטיא..."
DRAGON.EMC	"...אלא מרצון."
DRAGON.EMC	"אני מוכרח להשיב לך את המתנה, אדוני הנדיב."
DRAGON.EMC	"אניח לך עכשיו, ומצערך אברח..."
DRAGON.EMC	"...אולם מחר לא אהיה נחמד כל כך."
DRAGON.EMC	"FROZEN.WSA"
DRAGON.EMC	"זה היה מפחיד!"
DRAGON.EMC	"מאיזה קרקס הוא צץ?"
DRAGON.EMC	"זה קרח מוצק!"
DRAGON.EMC	"מערת הנחש"
DRAGON.EMC	"מדוע שארצה להיכנס למערה כזאת? "
EDGE.EMC	"קיר מסולע"
EDGEB.EMC	"קיר מסולע"
EMCAV.EMC	"מערה מברקת"
EMCAV.EMC	"וואו! הקירות עשויים מברקת!"
EMCAV.EMC	"זה היה יכול לעזור קודם!"
ENTER.EMC	"בריכה טבעית עשירה במינרלים"
ENTER.EMC	"אני תוהה אם מלקולם כאן בפנים."
EXTHEAL.EMC	"החלון הזה מרהיב ביופיו בלילה כשנרות המקדש דולקים."
EXTHEAL.EMC	"זו בוודאי אמה של ברין."
EXTHEAL.EMC	"מקדש קירנדיה"
EXTHEAL.EMC	"היא רוצה שאביא פרחים?!"
EXTHEAL.EMC	"סבא הפך לאבן!"
EXTHEAL.EMC	"הוא צריך עזרה, לא אהדה!"
EXTHEAL.EMC	"  קמע? איזה קמע?"
EXTPOT.EMC	"FROG.WSA"
EXTPOT.EMC	"אתה רעב קטנצ'יק?"
EXTPOT.EMC	"לא!"
EXTPOT.EMC	"*בליעה*"
EXTPOT.EMC	"מעונה של זאנתיה"
EXTPOT.EMC	"  נסיך?  "
EXTPOT.EMC	"נסיך של מה?"
EXTSPEL.EMC	"עוד שלט גדול..."
EXTSPEL.EMC	"...בלי דלת כניסה."
EXTSPEL.EMC	"כדאי לי לשתול אחד כזה בחצר."
EXTSPEL.EMC	"האם זה סכך, או סתם עשבים שנזרקו על הגג?"
EXTSPEL.EMC	"צריף מוזר"
EXTSPEL.EMC	"   שלום--  "
EXTSPEL.EMC	" מישהו בבית? "
EXTSPEL.EMC	")בחיי, כל כך חשוך כאן.("
EXTSPEL.EMC	"   דרם?   "
EXTSPEL.EMC	"  ברנדיווין?  "
FALLS.EMC	"אוכמניות."
FALLS.EMC	"מפל מים מדורג"
FESTSTH.EMC	"יער אפל"
FGOWEST.EMC	"יער אפל"
FNORTH.EMC	"יער אפל"
FNORTH.EMC	"לכאן, עצלן שכמותך!"
FNORTH.EMC	"אני לא רודף אחריך!"
FORESTA.EMC	"CHALICE1.WSA"
FORESTA.EMC	"CHALICE2.WSA"
FORESTA.EMC	" זה תקוע. "
FORESTA.EMC	" זה מלחיץ! "
FORESTA.EMC	"מה מחזיק אותו שם?"
FORESTA.EMC	"יער אפל"
FORESTA.EMC	"מה הגביע המלכותי עושה כאן?"
FORESTA.EMC	"משהו מוזר מתרחש כאן!"
FORESTA.EMC	"אני חושב שמתחילה להיות לי שפשפת."
FORESTA.EMC	"אני מוכן להישבע שחלק מהעצים האלה נראים בדיוק כמו אלה שיש לנו בגינה."
FORESTA.EMC	"אנסה את זה על הגביע."
FORESTA.EMC	"STEAL1.WSA"
FORESTA.EMC	"   היי!   "
FORESTA.EMC	"תחזיר את זה!"
FORESTA.EMC	" אוך... "
FORESTA.EMC	" נהדר... "
FORESTA.EMC	"עכשיו כולי מלא בזפת!"
FORESTB.EMC	"  )הממ...(  "
FORESTB.EMC	")חשבת שאתגנב מהצד השני, מה?("
FORESTB.EMC	"TAG-0.WSA"
FORESTB.EMC	"TAG.WSA"
FORESTB.EMC	"עזוב את הענף, מרית'."
FORESTB.EMC	"אני אתפוס אותך."
FORESTB.EMC	"מצחיק מאד, ברנדון."
FORESTB.EMC	"אתה יכול לקחת את הגולה!"
FORESTB.EMC	"אני לא משחק איתך יותר!"
FORESTB.EMC	"תודה, מרית'."
FORESTB.EMC	"יער אפל"
FORESTB.EMC	"לכאן, עצלן שכמותך!"
FORESTB.EMC	"אני לא רודף אחריך!"
FORESTB.EMC	" אוך-- "
FORESTB.EMC	" נהדר-- "
FORESTB.EMC	"עכשיו כולי מלא בזפת!"
FORESTC.EMC	"יער"
FOUNTN.EMC	"FOUNTAN1.WSA"
FOUNTN.EMC	"FTNTALK.WSA"
FOUNTN.EMC	"שלומות ידידי."
FOUNTN.EMC	"איך מתקדם המסע?"
FOUNTN.EMC	"יש לי כמה תכסיסים בשרוול."
FOUNTN.EMC	"אתה מוכן עכשיו?"
FOUNTN.EMC	"שנצא לדו קרב?"
FOUNTN.EMC	"ברגע זה, אני רוצה רק מים מהמעין."
FOUNTN.EMC	"כמה חבל!"
FOUNTN.EMC	"אמבט האצבעות מתחיל לשעמם אותי..."
FOUNTN.EMC	"...ואני ממש זקוק לשעשוע."
FOUNTN.EMC	"אולי משחק מחבואים קצר יבדר את שנינו."
FOUNTN.EMC	"אם אתה רוצה מים, עליך לתקן את המעין קודם."
FOUNTN.EMC	"אני לא יכול לגלות לך איפה לחפש."
FOUNTN.EMC	"זה לא הוגן ולא כיף!"
FOUNTN.EMC	"FOUNTAN2.WSA"
FOUNTN.EMC	"חה חה חה"
FOUNTN.EMC	"המים מבעבעים."
FOUNTN.EMC	"אם אני מרטיב את הנעליים לעולם לא אצליח להגיע לטירה."
FOUNTN.EMC	"הבקבוקון הזה כבר מלא."
FOUNTN.EMC	"הממ. שווה נסיון."
FOUNTN.EMC	"אני תוהה אם היא יודעת שנשפך לה."
FOUNTN.EMC	"המעין המכושף"
FOUNTN.EMC	"מושלם! עכשיו אנחנו נהנים."
FOYER.EMC	"PUNCH1.WSA"
FOYER.EMC	"PUNCH2.WSA"
FOYER.EMC	"PUNCH3.WSA"
FOYER.EMC	"בחיי, אתה פיקח!"
FOYER.EMC	"איזו חוצפה להפר את החוק שלי ככה!"
FOYER.EMC	"האם ברצונך להילחם בי כעת?"
FOYER.EMC	"או שתשמע בקול תחינתה של אמך?"
FOYER.EMC	"האם סבא שלך סרג לך את המקטורן?"
FOYER.EMC	"אל תדחוף אותי, סבאל'ה!"
FOYER.EMC	"אני מזהיר אותך!"
FOYER.EMC	"אתה מזהיר אותי? סוף סוף, בדיחה!"
FOYER.EMC	"זוז הצידה, אני נכנס!"
FOYER.EMC	"אמרתי לך אל, אבל אתה מתעקש?"
FOYER.EMC	"אל תדחוף אותי עוד פעם סבאל'ה!"
FOYER.EMC	"אולטימטום, מה?"
FOYER.EMC	"הנה הדחיפה!"
FOYER.EMC	"דביל."
FOYER.EMC	"אין עוד מקום על הכרית."
FOYER.EMC	"אני מקווה שזה המקום הנכון להניח את השרביט."
FOYER.EMC	"תמהני אם לכאן שייך הכתר?"
FOYER.EMC	"כמדומני שהגביע שייך לכרית."
FOYER.EMC	"קטיפה אדומה!"
FOYER.EMC	"זה אמור להספיק..."
FOYER.EMC	"FOYER.WSA"
FOYER.EMC	"מצוין!"
FOYER.EMC	"כל המלבושים המלכותיים מונחים..."
FOYER.EMC	"...אך האם הם בסדר הנכון?"
FOYER.EMC	"הלוואי והיה לי קורנס!"
FOYER.EMC	"כמובן, גם זה נעול!"
FOYER.EMC	"זו בוודאי הקירספת!"
FOYER.EMC	"הטרקלין המלכותי"
FSOUTH.EMC	"יער אפל"
FSOUTHB.EMC	"יער אפל"
FWSTSTH.EMC	"יער אפל"
GATECV.EMC	"CAVEDOOR.WSA"
GATECV.EMC	"ROCKS1.WSA"
GATECV.EMC	"הצלחתי בניסיון הראשון!"
GATECV.EMC	"נראה כי אצטרך להשליך פנימה עוד אבנים."
GATECV.EMC	"ROCKS2.WSA"
GATECV.EMC	"עשיתי זאת שוב!"
GATECV.EMC	"הוא זקוק כנראה לעוד אבנים."
GATECV.EMC	"ROCKS3.WSA"
GATECV.EMC	"  כן!  "
GATECV.EMC	"זה קל מדי!"
GATECV.EMC	"ROCKS4.WSA"
GATECV.EMC	" אופס... "
GATECV.EMC	"ROCKS5.WSA"
GATECV.EMC	"הצלחתי!"
GATECV.EMC	"אני יכול לחזור החוצה."
GATECV.EMC	"זה נראה כמו של סבא."
GATECV.EMC	"לא נראה לי שזה כבד מספיק בשביל להתנגד למשקל שתלוי עליו."
GATECV.EMC	"TRAPPED.WSA"
GATECV.EMC	"הו, זה פשוט נהדר."
GATECV.EMC	"שער הברזל בטח מחובר לצלחת ולמנגנון השקילה."
GATECV.EMC	"הלפיד מקובע למקומו."
GATECV.EMC	"מעבר בוגדני"
GEM.EMC	"LIFTDOWN.WSA"
GEM.EMC	"חה, נראה את החולדים האלה מנסים להגיע לפרחים שלי עכשיו."
GEM.EMC	"ארגז החול הישן שלי נהדר בתור אדנית."
GEM.EMC	"לפחות אני לא צריך לנקות את החלונות היום."
GEM.EMC	"שלט גדול וחביב..."
GEM.EMC	"...אבל אולי היינו צריכים להשתמש בקרשים כדי לבנות דלת כניסה."
GEM.EMC	"אני אשאיר את זה דולק."
GEM.EMC	"לא נראה לי שהעשים יציקו לו עכשיו."
GEM.EMC	"מחוץ לביתו של ברנדון"
GEM.EMC	"LIFTUP.WSA"
GEM.EMC	"אני תמיד אוהב לעשות זאת!"
GEMCUT.EMC	"אני יכול לנסר אותך החוצה?"
GEMCUT.EMC	"או-או, אולי אפשר לתקן את השיניים האלה."
GEMCUT.EMC	"היה שווה לנסות."
GEMCUT.EMC	"אני אתקן את זה."
GEMCUT.EMC	"סלעים."
GEMCUT.EMC	"כמה סלעים."
GEMCUT.EMC	"למה אני ממשיך לגעת בזה?"
GEMCUT.EMC	"איך זה יעזור?"
GEMCUT.EMC	"BRANTREE.WSA"
GEMCUT.EMC	"FACE.WSA"
GEMCUT.EMC	"FACE2.WSA"
GEMCUT.EMC	"ברנדון?"
GEMCUT.EMC	"מה?"
GEMCUT.EMC	"מי אמר את זה?"
GEMCUT.EMC	"האם אתה ברנדון, נכדו של חיליק?"
GEMCUT.EMC	"הנני."
GEMCUT.EMC	"מה אתה?"
GEMCUT.EMC	"אנחנו מהממלכה האחרת."
GEMCUT.EMC	"אנחנו מדברים בשם הארץ."
GEMCUT.EMC	"למה שהארץ תרצה לדבר אתי?"
GEMCUT.EMC	"אנחנו גוססים, ברנדון."
GEMCUT.EMC	"לחשי קסם למטרות רוע הפרו את האיזון בטבע."
GEMCUT.EMC	"לא תוכלו להשתמש בקסם שלכם כדי להילחם ברוע?"
GEMCUT.EMC	"הרוע קיים רק בממלכת בני האדם."
GEMCUT.EMC	"לארץ אין רוע..."
GEMCUT.EMC	"...ולפיכך, אין לה הגנה מפניו."
GEMCUT.EMC	"אבל-- מדוע זה קורה עכשיו?"
GEMCUT.EMC	"הקירגלית הקסומה, הסמל לאמון שבין הממלכות, הושחתה."
GEMCUT.EMC	"כעת, אינה יכולה היא להגן עלינו עוד."
GEMCUT.EMC	"עליך, ברנדון, להתנגד בשמנו."
GEMCUT.EMC	"מה!?"
GEMCUT.EMC	"למה אני?"
GEMCUT.EMC	"נבחרת, נכדו של חיליק."
GEMCUT.EMC	"גורלך נקבע בטרם נולדת."
GEMCUT.EMC	"אבל אין לי מושג היכן להתחיל."
GEMCUT.EMC	"תן לאמונתך להראות לך את הדרך, ברנדון."
GEMCUT.EMC	"התכונן למסע שלך."
GEMCUT.EMC	"חכה!"
GEMCUT.EMC	"מה לגבי--"
GEMCUT.EMC	"TOUCH.WSA"
GEMCUT.EMC	"מה קרה לסבא שלי?"
GEMCUT.EMC	"יש כאן עוד משהו?"
GEMCUT.EMC	"חשבתי שהסנדלים שלי בפנים."
GEMCUT.EMC	"תפוח!"
GEMCUT.EMC	"שוב שלום."
GEMCUT.EMC	"זה נפל לאגרטל!"
GEMCUT.EMC	"נדמה לי שכבר יש משהו בפנים."
GEMCUT.EMC	"העץ צודק."
GEMCUT.EMC	"הארץ באמת גוססת."
GEMCUT.EMC	"אני רואה מכאן המון עצים מתים."
GEMCUT.EMC	"ברין, ברין!"
GEMCUT.EMC	"בואי מהר!"
GEMCUT.EMC	"כנראה היא לא שומעת אותי."
GEMCUT.EMC	"אני אאלץ ללכת להביא אותה."
GEMCUT.EMC	"כדאי שאשכיב את סבא במיטה?"
GEMCUT.EMC	"לא נראה לי שיש דרך להזיז אותו."
GEMCUT.EMC	"לא אוכל לקחת את זה, הוא יזדקק לאור."
GEMCUT.EMC	"מועדון הקריאה המיסטי."
GEMCUT.EMC	" אחלה כריכות, אבל חומר הקריאה מעפן."
GEMCUT.EMC	"המסור של סבא."
GEMCUT.EMC	"אני לא רוצה להיסחב עם זה!"
GEMCUT.EMC	"לא חושב שהוא מסוגל ללעוס."
GEMCUT.EMC	"GRANDPA.WSA"
GEMCUT.EMC	"סבא, אתה שומע אותי?"
GEMCUT.EMC	"פתק."
GEMCUT.EMC	"יש כאן משהו?"
GEMCUT.EMC	"הבית של ברנדון"
GEMCUT.EMC	"סבא!"
GEMCUT.EMC	"מה קרה לך?!?"
GEMCUT.EMC	"אולי הקסם שלי יוכל לרפא את סבא..."
GEMCUT.EMC	"מצטער סבא..."
GEMCUT.EMC	"חשבתי שזה עשוי לעבוד."
GENCAVB.EMC	"תותי אש..."
GENCAVB.EMC	"אולי הם יעזרו לי למצוא את דרכי בחשיכה."
GENCAVB.EMC	"שיח תותי-אש"
GENCAVB.EMC	"מערה חשוכה ומסתורית"
GENCAVB.EMC	"אני לא רואה כלום!"
GENCAVB.EMC	"EYES.WSA"
GENCAVB.EMC	"או או..."
GENCAVB.EMC	"שלום?"
GENCAVB.EMC	"לא!"
GENHALL.EMC	"HERSAW1.WSA"
GENHALL.EMC	"ברנדון, המסור שלך אצלי!"
GENHALL.EMC	"זה בסדר, הרמן, אתה יכול לשמור לך אותו."
GENHALL.EMC	"אבל השחזתי אותו במיוחד בשבילך!"
GENHALL.EMC	"HERSAW2.WSA"
GENHALL.EMC	"מנסר בולי עץ, מה הרמן?"
GENHALL.EMC	"הוא לא יניח למסור."
GENHALL.EMC	"מסדרון מלכותי"
GENHALL.EMC	"HERSAW3.WSA"
GEN_CAV.EMC	"תותי-אש..."
GEN_CAV.EMC	"אולי הם יעזרו לי למצוא את דרכי בחשיכה."
GEN_CAV.EMC	"שיח תותי-אש"
GEN_CAV.EMC	"מערה חשוכה ומסתורית"
GEN_CAV.EMC	"אני לא רואה כלום!"
GEN_CAV.EMC	"EYES.WSA"
GEN_CAV.EMC	"או או..."
GEN_CAV.EMC	"שלום?"
GEN_CAV.EMC	"לא!"
GLADE.EMC	"LEP_OUT.WSA"
GLADE.EMC	"סוף סוף, למישהו יש דלת כניסה."
GLADE.EMC	"היי, צוציק!"
GLADE.EMC	"אתה שם?"
GLADE.EMC	"הסאטיר הבעייתי ההוא מתגורר שם."
GLADE.EMC	"זה היה אוגר?"
GLADE.EMC	" הממ? "
GLADE.EMC	"קרחת יער טבעית"
GRAVE.EMC	"MOTHER1.WSA"
GRAVE.EMC	"MOTHER2.WSA"
GRAVE.EMC	"ילד שלי! ידעתי שתבוא הנה!"
GRAVE.EMC	"אמא?"
GRAVE.EMC	"גדלת להיות יפה תואר, בני."
GRAVE.EMC	"קיבלת את העיניים של אביך."
GRAVE.EMC	"אני משתמש בהן רק כדי לחפש לנקום את מותכם!"
GRAVE.EMC	"שלוט בכעסים שלך, ברנדון."
GRAVE.EMC	"עליך לשחרר את הקירגלית כדי להשיב לך את כס המלכות."
GRAVE.EMC	"מלקולם הוא טיפוס נאלח ומגיע לו למות!"
GRAVE.EMC	"אל לך לבזבז את כוחותיך על חורבן והרס, בני."
GRAVE.EMC	"תזדקק לגביע המלכותי..."
GRAVE.EMC	"...ואת זה..."
GRAVE.EMC	"קיבלת את מתנתי."
GRAVE.EMC	"זה כל מה שאוכל לתת."
GRAVE.EMC	"חזק ואמץ בני..."
GRAVE.EMC	"...והשתמש בקסמיך בתבונה."
GRAVE.EMC	"וויליאם וקתרינה."
GRAVE.EMC	"שלום אמא, אבא."
GRAVE.EMC	"הלוואי שהייתי יכול לעשות משהו להוקיר את זכרם."
GRAVE.EMC	"להתראות, אמא."
GRAVE.EMC	"נראה לי שפרח אחד מספיק."
GRAVE.EMC	"לא נראה לי שכדאי להשתמש בזה כדי לחלוק כבוד."
GRAVE.EMC	"אני לא רוצה להניח שום דבר נוסף על הקבר שלהם."
GRAVE.EMC	"קבר ערפילי"
GRAVE.EMC	" הוי לא!!! "
GRAVE.EMC	"כל כך קרוב ועם זאת כל כך רחוק!"
GRTHALL.EMC	"אני לא יכול להגיע לקומה העליונה מכאן."
GRTHALL.EMC	"הממ. טוב, זה עשה משהו, אבל הן עדיין נעולות!"
GRTHALL.EMC	"אהה!  הנעילה משוחררת סוף סוף!"
GRTHALL.EMC	"הממ.  הדלתות האלה נראות חשובות, אבל הן נעולות!"
GRTHALL.EMC	"ההיכל האדיר"
GRTHALL.EMC	"זה אדיר."
HEALER.EMC	"BRYNN1.WSA"
HEALER.EMC	"מצאתי את הפתק הזה על שולחנו."
HEALER.EMC	"השם שלך כתוב עליו..."
HEALER.EMC	"...אבל השאר ריק!"
HEALER.EMC	"אפשר להביט בו?"
HEALER.EMC	"ברין, סבא נפגע!"
HEALER.EMC	"מה קרה, ברנדון?"
HEALER.EMC	"הוא הפך לאבן!"
HEALER.EMC	"אני לא יודע מה קרה!"
HEALER.EMC	"ייתכן שיש בביתך רמז כלשהו."
HEALER.EMC	"זו הודעה מכושפת."
HEALER.EMC	"אסיר את הלחש."
HEALER.EMC	"ברנדון, כדאי שתקרא את זה"
HEALER.EMC	" "
HEALER.EMC	"BRYNN2.WSA"
HEALER.EMC	"קמע...שושנת לבנדר? מה זה אומר?"
HEALER.EMC	"אם מלקום ברח,"
HEALER.EMC	"הוא ישתמש בקסם הזדוני שלו כדי להשמיד את קירנדיה."
HEALER.EMC	"הקסם שלך לא יכול לעצור בעדו?"
HEALER.EMC	"נזדקק לכל מה שנוכל להשיג כדי לעצור את מלקולם."
HEALER.EMC	"מה לגבי סבא?"
HEALER.EMC	"אני מצטערת, ברנדון."
HEALER.EMC	"את חיליק הנאצל נוכל להציל רק אם מלקולם יובס."
HEALER.EMC	"מה נוכל לעשות?"
HEALER.EMC	"אנו לא חסרי אונים."
HEALER.EMC	"המצא לי שושנת לבנדר..."
HEALER.EMC	"...ואצור כישוף שיסייע לך."
HEALER.EMC	"מה לגבי--"
HEALER.EMC	"הזדרז, ברנדון."
HEALER.EMC	"בכל דקה שחולפת כוחותינו נחלשים."
HEALER.EMC	"BRYNN3.WSA"
HEALER.EMC	"טוב מאוד, ברנדון."
HEALER.EMC	"השתמש בשושנה בתבונה והקמע יהיה שלך."
HEALER.EMC	"קמע?"
HEALER.EMC	"כל דבר בעתו, הוא יאפשר לך להניף כח אדיר."
HEALER.EMC	"וואו!"
HEALER.EMC	"האם זה בשבילי?"
HEALER.EMC	"כדי להשיג את הקמע..."
HEALER.EMC	"...עליך להניח את השושנה על מזבח הכסף."
HEALER.EMC	"ואז עליך למצוא את דרם... הוא מתגורר ביער הערפילי."
HEALER.EMC	"הוא עשוי לסייע לך."
HEALER.EMC	"בהצלחה ברנדון..."
HEALER.EMC	"...היה זהיר."
HEALER.EMC	"BRINENTR.WSA"
HEALER.EMC	"הראה לי את הפתק בבקשה, ברנדון."
HEALER.EMC	"זה לא מה שחיפשנו."
HEALER.EMC	"אולי יש שם רמז מוצלח יותר."
HEALER.EMC	"האם מצאת את הרמז, ברנדון?"
HEALER.EMC	"ברנדון..."
HEALER.EMC	"הבא לי בבקשה שושנת לבנדר."
HEALER.EMC	"עליך להניח את שושנת הכסף על מזבח הכסף."
HEALER.EMC	"מחול המיסטיקנים"""""
HEALER.EMC	"הגביע הקירנדיאני המלכותי"""""
HEALER.EMC	"הקיר-סיר העתיק"""""
HEALER.EMC	"הקטורת הזו היא בודאי הסיבה שלברין יש תמיד ריח נעים כל כך."
HEALER.EMC	"  אופס, מצטער...  "
HEALER.EMC	"חשבתי שזו מרקקה."
HEALER.EMC	"הממ, נראה שלא מקבלים תרומות."
HEALER.EMC	"בחיי, הרצפה הזו בהחלט חלקה."
HEALER.EMC	"בתוך המקדש"
HEALER.EMC	"האם הבאת לי את הפתק?"
HEALER.EMC	"האם הבאת את שושנת הלבנדר, הרנדון?"
HEALER.EMC	"האם הבאת כבר את הקמע, ברנדון?"
HEALER.EMC	"ברכות, ברנדון."
HEALER.EMC	"ברוך הבא, ברנדון."
HEALER.EMC	"היי, ברין!"
HEALER.EMC	"השגתי את הקמע!"
HEALER.EMC	"  ברין?!  "
HEALER.EMC	"  ברין!!! "
HEALER.EMC	"היא איננה."
KITCHEN.EMC	"זהו מוט גחלים מהודר!"
KITCHEN.EMC	"נו, זו סכין!"
KITCHEN.EMC	"נראה שהן מלאות אבק."
KITCHEN.EMC	"לא הייתי מעז לשתות שום דבר מכאן!"
KITCHEN.EMC	"זה נראה מסוכן!"
KITCHEN.EMC	"איזה חזיר!"
KITCHEN.EMC	"יש כאן משהו?"
KITCHEN.EMC	"מטבח"
KYRAGEM.EMC	"זו בטח הקירגלית!"
KYRAGEM.EMC	"מראה - אני רואה את עצמי."
KYRAGEM.EMC	"מראה."
KYRAGEM.EMC	"נדמה לי שהוא ממש כועס עכשיו."
KYRAGEM.EMC	"היכל הקירגלית"
LAGOON.EMC	"WILOFISH.WSA"
LAGOON.EMC	"זה משהו מיוחד."
LAGOON.EMC	"זהב טהור!"
LAGOON.EMC	"מישהו פה עשיר."
LAGOON.EMC	"הלוואי שידעתי לשחות."
LAGOON.EMC	"שם נמצאת הטירה?"
LAGOON.EMC	"לגונה טרופית"
LAGOON.EMC	" חוף נאה. "
LANDING.EMC	"אי חשוך"
LANDING.EMC	"LANDING.WSA"
LANDING.EMC	"הו! זה היה פרוע!"
LANDING.EMC	"אופס..."
LANDING.EMC	"...כמעט הלכתי מעבר לצוק."
LAVA.EMC	"החום עוצמתי ביותר..."
LAVA.EMC	"...אבל אני יודע שאעמוד בו!"
LAVA.EMC	"BRANBRN.WSA"
LAVA.EMC	"בלי בעיה..."
LAVA.EMC	"אני נשרף!"
LAVA.EMC	" "
LAVA.EMC	"נהר געשי, תת-קרקעי"
LAVA.EMC	"נהר תת-קרקעי, קפוא"
LEPHOLE.EMC	"  אמרתי לך...  "
LEPHOLE.EMC	"תביא לי משהו טוב ואתן לך את הגביע תמורתו."
LEPHOLE.EMC	"נו טוב, אשחק במשחק שלך."
LEPHOLE.EMC	"מה לגבי תפוח גדול ועסיסי?"
LEPHOLE.EMC	"זה נשמע טוב!"
LEPHOLE.EMC	"אני נמוך מכדי לקטוף תפוחים!"
LEPHOLE.EMC	"ובכן, איפה החבאת את הגביע שלי?"
LEPHOLE.EMC	"החבאתי את הגביע שלי בחוץ, גולם מגודל שכמוך."
LEPHOLE.EMC	"צא החוצה ותעיף מבט."
LEPHOLE.EMC	"מה לגבי איזו אוכמנית?"
LEPHOLE.EMC	"אוכמניות זה אחלה, אבל אני אוכל כאלה כל הזמן."
LEPHOLE.EMC	"משום שאני כל כך קטן, קל מאד לקטוף אותן."
LEPHOLE.EMC	"מה לגבי זה?"
LEPHOLE.EMC	"זה בבירור מזויף..."
LEPHOLE.EMC	"...גדול מכדי להיות אמיתי."
LEPHOLE.EMC	" מה לגבי זה? "
LEPHOLE.EMC	"לא, אמרתי שאני רוצה משהו טוב."
LEPHOLE.EMC	"אני לא צריך ממך שום דבר נוסף."
LEPHOLE.EMC	"צא מפה וחפש את הגביע בחוץ."
LEPHOLE.EMC	"שם תמצא אותו."
LEPHOLE.EMC	"לא, שכח מזה..."
LEPHOLE.EMC	"אני לא רוצה אותו בחזרה."
LEPHOLE.EMC	"פשוט תיקח אותו ולך."
LEPHOLE.EMC	"אני לא צריך ממך שום דבר נוסף..."
LEPHOLE.EMC	"נתתי לך את הגביע שלי..."
LEPHOLE.EMC	"הנכס היחיד שלי ששווה משהו..."
LEPHOLE.EMC	"  פשוט לך מכאן.  "
LEPHOLE.EMC	"JUMP.WSA"
LEPHOLE.EMC	"חשבת פעם לשים כאן מדרגות?"
LEPHOLE.EMC	"LEPCLIMB.WSA"
LEPHOLE.EMC	"בתוך מעון קטנטן"
LEPHOLE.EMC	"LEPHOLE.WSA"
LEPHOLE.EMC	"הגביע שלי אצלך!"
LEPHOLE.EMC	"הגביע שלי אצלי."
LEPHOLE.EMC	"לא, הוא שלי!"
LEPHOLE.EMC	"כן, הוא שלי."
LEPHOLE.EMC	"למה שתרצה אותו?"
LEPHOLE.EMC	"הוא יגרום לשאר הריהוט שלך להיראות רע ביחס אליו."
LEPHOLE.EMC	"דרך אגב, היכן הגביע שלי?"
LEPHOLE.EMC	"החבאתי אותו במקום בטוח במיוחד."
LEPHOLE.EMC	"תן לי משהו טוב ואתן לך אותו."
LEPHOLE.EMC	"נראה שמי שגר כאן לא בבית."
LIBRARY.EMC	"HIDPAGE.TMP"
LIBRARY.EMC	"FIREPLCE.WSA"
LIBRARY.EMC	" תופח?"
LIBRARY.EMC	"פחות!"
LIBRARY.EMC	"בכל אופן, זה פתוח!"
LIBRARY.EMC	"אהה! מה זה?"
LIBRARY.EMC	"כנראה שזה לא מתאים לראש של מלקולם."
LIBRARY.EMC	"הספר מסומן באות ת' עבור תרופות."
LIBRARY.EMC	"הספר מסומן באות ט' עבור טבע."
LIBRARY.EMC	"הספר מסומן באות א' עבור אלכימיה."
LIBRARY.EMC	"הספר מסומן באות ק' עבור קסם."
LIBRARY.EMC	"הספר מסומן באות ו' עבור וודו."
LIBRARY.EMC	"הספר מסומן באות ח' עבור חומרים."
LIBRARY.EMC	"הספר מסומן באות מ' עבור מלכים."
LIBRARY.EMC	"הספר מסומן באות פ' עבור פנינים."
LIBRARY.EMC	"אופס!"
LIBRARY.EMC	"חדר עבודה צנוע"
LIBRARY.EMC	"אוך.  לעומת זה גם ברנדיווין נראית טוב."
MIX.EMC	"כבר שמתי שם שיקוי."
MIX.EMC	"MIXROX.WSA"
MIX.EMC	"זה מרשים!"
MIX.EMC	"נראה שזה עשה משהו."
MIX.EMC	"אין כאן שום דבר בפנים."
MIX.EMC	"זה נספג בגביש."
MIX.EMC	"לא נראה לי שבקבוקון ריק יעזור כאן."
MIX.EMC	"לא קרה כלום."
MIX.EMC	"הממ.  זה לא עוזר."
MIX.EMC	"אני בספק שבקבוקון ריק יעזור כאן."
MIX.EMC	"הצורה שלו לא מתאימה לתחריט."
MIX.EMC	"גבישי האלכימיה"
MIX.EMC	"היי!  זה בטח אחד מהצעצועים של זאנתיה."
MOONCAV.EMC	"סוף סוף הגעת!"
MOONCAV.EMC	"חיכיתי כל כך הרבה זמן!"
MOONCAV.EMC	"תוכל לקחת אותי איתך?"
MOONCAV.EMC	"אנא התעלם ממנה."
MOONCAV.EMC	"היא לא חושבת בצלילות."
MOONCAV.EMC	"אני כל כך שמח לראותך והייתי רוצה ללכת איתך כשתעזוב."
MOONCAV.EMC	"אנחנו לא יכולים ללכת שנינו!"
MOONCAV.EMC	"אני לא נשאר!"
MOONCAV.EMC	"רע לי כאן!"
MOONCAV.EMC	"שהיתי כאן זמן ארוך יותר."
MOONCAV.EMC	"אני עוזבת ראשונה."
MOONCAV.EMC	"הגענו ביחד!"
MOONCAV.EMC	"תנסה להיזכר, אני נכנסתי ראשונה!"
MOONCAV.EMC	"אתה התגרית ברוחות צללים."
MOONCAV.EMC	"אחד מאיתנו חייב להישאר..."
MOONCAV.EMC	"...עד שהמזבח יושלם."
MOONCAV.EMC	"למה שלא תסיימו אותו בעצמכם.. "
MOONCAV.EMC	"...ואז תוכלו שניכם לעזוב?"
MOONCAV.EMC	"אנחנו משרתים את אדון הגאות והשפל והאהבה."
MOONCAV.EMC	"איננו בעלי מלאכה!"
MOONCAV.EMC	"אבל אתה תוכל לעשות זאת."
MOONCAV.EMC	"ואז נוכל כולנו ללכת!"
MOONCAV.EMC	"מה צריך לעשות?"
MOONCAV.EMC	"אנחנו לא יודעים."
MOONCAV.EMC	"אנחנו יודעים רק לצוף באוויר, ונוכל ללמד אותך."
MOONCAV.EMC	"אם אצליח לחשוב מה לעשות..."
MOONCAV.EMC	"...אחזור הנה."
MOONCAV.EMC	"MOONCAV1.WSA"
MOONCAV.EMC	"MOONCAV2.WSA"
MOONCAV.EMC	" אבן הירח מתאימה... "
MOONCAV.EMC	"אני מבריק!"
MOONCAV.EMC	"כל המקום מואר באור ירח!"
MOONCAV.EMC	"תודה לך! תודה לך!"
MOONCAV.EMC	"וכעת, כפי שהבטחנו..."
MOONCAV.EMC	"אני מרגיש מוזר..."
MOONCAV.EMC	"אחת האבנים שעל הקמע שלי זורחת באור סגול!"
MOONCAV.EMC	"משהו חסר שם?"
MOONCAV.EMC	"אני מניח שמשהו מתאים לשם..."
MOONCAV.EMC	"...אבל לא זה."
MOONCAV.EMC	"כבר שמתי שם אחת."
MOONCAV.EMC	"אבן הירח נעולה במקומה."
MOONCAV.EMC	"כבר יש שם אבן ירח."
MOONCAV.EMC	"פנתיאון אור הירח"
NCLIFF.EMC	"צוק גבוה"
NCLIFFB.EMC	"צוק גבוה"
NWCLIFB.EMC	"הממ - נדמה לי שאני יכול לראות את הטירה מכאן."
NWCLIFB.EMC	"איזה נוף!"
NWCLIFB.EMC	"צוק גבוה"
NWCLIFF.EMC	"צוק גבוה"
OAKS.EMC	"הממ, הם לא נופלים בדרך כלל כשהם בשלים?"
OAKS.EMC	"הבלוט שהיה כאן כבר נלקח."
OAKS.EMC	"חורשה של עצי אלון"
PLATEAU.EMC	"מישור עם נוף"
PLTCAVE.EMC	"כניסה חלולה"
PLTCAVE.EMC	"אח. אוויר צח!"
POTION.EMC	"WAKEN.WSA"
POTION.EMC	"איפה אני?"
POTION.EMC	"אוח הראש שלי!"
POTION.EMC	"איך הגעתי לכאן?"
POTION.EMC	"האם שיגרת אותי באורח קסם?"
POTION.EMC	"נחבטת בראש, וגררתי אותך הנה."
POTION.EMC	"ZANBASIC.WSA"
POTION.EMC	"BRANZAN.WSA"
POTION.EMC	"LAUNDRY.WSA"
POTION.EMC	"POUR.WSA"
POTION.EMC	"מי את?"
POTION.EMC	"אני זאנתיה."
POTION.EMC	"אתה בוודאי ברנדון."
POTION.EMC	"בפעם האחרונה שראיתי אותך עוד היית ילד."
POTION.EMC	"אז, מה יש בקדירה?"
POTION.EMC	"שיקוי למסע בזמן?"
POTION.EMC	"לא, זו הכביסה שלי."
POTION.EMC	"או!"
POTION.EMC	"האם דרם וברין לפחות הפעילו את כל האבנים בקמע שלך?"
POTION.EMC	"יש לי שתיים."
POTION.EMC	"  שתיים?!  "
POTION.EMC	"בטח מרפא ואור תעתועים!"
POTION.EMC	"הם אמרו שכבר לא נותר להם הרבה קסם."
POTION.EMC	"לאיש לא נותר הרבה קסם!"
POTION.EMC	"תוכלי לעזור לי?"
POTION.EMC	"מדוע שלא פשוט תלך לטירה ותנסה להסתדר עם מה שיש?"
POTION.EMC	"בסדר מבחינתי."
POTION.EMC	"אלך, אבל כיצד אגיע לשם?"
POTION.EMC	"דרם לא עשה מאומה?"
POTION.EMC	"הוא המליץ לי לפגוש אותך."
POTION.EMC	"בסדר, אתן לך מה שאוכל, אבל ממש לא אכפת לי אם אתה הנסיך..."
POTION.EMC	"...אני לא מוותרת על לחש המלתחה שלי וגם לא על האקווריום המכושף!"
POTION.EMC	"הנסיך?"
POTION.EMC	"מי נסיך?"
POTION.EMC	"הם לא סיפרו לך??!!"
POTION.EMC	"אני לא מאמינה עליהם!"
POTION.EMC	"תקשיב, ברנדון, אנחנו בצרות."
POTION.EMC	"לך אל המעין המכושף..."
POTION.EMC	"...ומלא עבורי בקבוקון."
POTION.EMC	"אסדר את הדברים עבור השיקויים שלך."
POTION.EMC	"המעין נחרב, ואין מים."
POTION.EMC	"מלקולם היה שם."
POTION.EMC	"הרשה לי להסביר, ברנדון."
POTION.EMC	"בלי מים קסומים, איני יכולה להכין אף לא אחד מהשיקויים שלי."
POTION.EMC	"בקדירה הזו אפשר לערבב שיקויים ששילובם ייתן לך את היכולת לעוף אל הטירה."
POTION.EMC	"אבל צריך מים, נכון?"
POTION.EMC	"אמצא."
POTION.EMC	"אולי השפריצו..."
POTION.EMC	"...או שאוכל לסחוט את הטחב."
POTION.EMC	"אבל מה העניין הזה עם נסיך?"
POTION.EMC	"קודם תביא את המים הקסומים..."
POTION.EMC	"...ואז נדבר."
POTION.EMC	"תודה, ברנדון..."
POTION.EMC	"אתה נסיך."
POTION.EMC	"הנסיך, למעשה."
POTION.EMC	"הוריך היו המלך וויליאם והמלכה קתרינה..."
POTION.EMC	"הידעת שמלקולם רצח אותם ותפס את הקירגלית?"
POTION.EMC	"נעלנו אותו בטירה.  אבל עכשיו הוא חופשי."
POTION.EMC	"מלקולם!"
POTION.EMC	"הליצן הזקן?"
POTION.EMC	"אם אשחרר את האבן, אוכל לנקום?"
POTION.EMC	"היא תתן לי כוחות?"
POTION.EMC	"זה יהיה קשה."
POTION.EMC	"התלבושות בוודאי אבדו."
POTION.EMC	"וסביר להניח שמלקולם חובש את הכתר."
POTION.EMC	"תזדקק קודם כל למזל."
POTION.EMC	"האם אתם המיסטיקנים חסרי כוחות?"
POTION.EMC	"אינכם יכולים לשחרר את הקירגלית?"
POTION.EMC	"רק אתה יכול לעשות זאת כעת."
POTION.EMC	"לברית נדרש דם מלכותי."
POTION.EMC	"מה עליי לעשות?"
POTION.EMC	"הבה נרקח שיקוי."
POTION.EMC	"צא להביא כמה אוכמניות."
POTION.EMC	"CARPET.WSA"
POTION.EMC	"זה נראה סמיך, כמו שירוב כחול."
POTION.EMC	"זה נראה מסוכן."
POTION.EMC	"צבע יפהפה, אבל מה זה?"
POTION.EMC	"מדוע שארצה את מי הכביסה שלה?"
POTION.EMC	"התמרוק נראה מוכן רק למחצה."
POTION.EMC	"מריח כמו שילוב משונה של עשבים ותבלינים."
POTION.EMC	"הבקבוקון הזה כבר מלא."
POTION.EMC	"אני יכולה להשתמש רק במצרכים הטריים ביותר!"
POTION.EMC	"צא להביא אוכמניות טריות!"
POTION.EMC	"זה לא נראה כמו אוכמנית!"
POTION.EMC	" היי! "
POTION.EMC	"אוף. הלוואי שהייתי מוצא את אחד מספרי הבישול שלה."
POTION.EMC	" תשיג את המים קסומים. "
POTION.EMC	"ואז נדאג למצרכים."
POTION.EMC	"האוכמניות האלה נקטפו מזמן וכבר לא טריות. "
POTION.EMC	"אני צריכה אוכמניות טריות!"
POTION.EMC	"זה לא נראה כמו אוכמנית."
POTION.EMC	" אתה חמור? "
POTION.EMC	"צא להביא את המים הקסומים!"
POTION.EMC	"אנחנו זקוקים למים הקסומים, ברנדון."
POTION.EMC	"האם הבאת אותם?"
POTION.EMC	"מה זה?  מרתף?"
POTION.EMC	"ZANDOORD.WSA"
POTION.EMC	"איי! זה לוהט!"
POTION.EMC	"המעבדה של זאנתיה"
POTION.EMC	"ZANDOORU.WSA"
POTION.EMC	"זאנתיה?"
RUBY.EMC	"לפחות אוכל לקחת את זה."
RUBY.EMC	"  איי!  "
RUBY.EMC	"  אחח!    "
RUBY.EMC	"      אחח! הנחש הכיש אותי!"
RUBY.EMC	"הממ, לאן הוא הלך?"
RUBY.EMC	"הוי, נהדר ממש..."
RUBY.EMC	"...כאילו לא הספיקה לי הפעם הראשונה שהורעלתי."
RUBY.EMC	"האודם שגדל שם פעם נעלם כעת."
RUBY.EMC	"עץ אודם"
SICKWIL.EMC	"היי! מספיק עם הגומה."
SICKWIL.EMC	"מה זה? גומה גדולה?"
SICKWIL.EMC	" היי! "
SICKWIL.EMC	"הדמעה מתאימה!"
SICKWIL.EMC	"לעולם לא אכרות את העץ הזה!"
SICKWIL.EMC	" אוך! "
SICKWIL.EMC	"אפילו הגזע הרקיב."
SICKWIL.EMC	"בחיי, הערבה הזו צריכה סיוע."
SICKWIL.EMC	"עץ מרקיב"
SICKWIL.EMC	"מה קרה כאן?"
SICKWIL.EMC	"הערבה הזו נראית חצי מתה!"
SICKWIL.EMC	"אני תוהה אם מלקולם גרם לעץ הזה לחלות?"
SICKWIL.EMC	"איכס,  נוטף משם משהו דביק."
SICKWIL.EMC	"השרף הזה נדבק לי לנעליים."
SONG.EMC	"את לא רוצה את זה?"
SONG.EMC	"זה הדבר הכי קרוב לזרעונים שיש לי."
SONG.EMC	"מדוע שציפור חולה תרצה את זה?"
SONG.EMC	"הציפור הזו בהחלט פגועה..."
SONG.EMC	"איך זה שהכנף שלה מכופפת כל כך?"
SONG.EMC	"אוך!"
SONG.EMC	"איזה ברדק."
SONG.EMC	"קן של ציפור שיר"
SONG.EMC	"אם ארפא את הכנף שלה..."
SONG.EMC	"...היא תיתן לי נוצה, לא?"
SONG.EMC	"SNGSPELL.WSA"
SONG.EMC	"SONG1.WSA"
SONG.EMC	"מקווה שזה נחשב קולמוס."
SONG.EMC	" אגוז אחד? "
SONG.EMC	"היבול כנראה חלש במיוחד השנה."
SORROW.EMC	"מאין מגיעות הדמעות האלה?"
SORROW.EMC	"כל הבריכה הזו מלאה בדמעות?"
SORROW.EMC	"זה די מגעיל, למען האמת."
SORROW.EMC	"לא אשתה את זה גם בהתערבות."
SORROW.EMC	"נדמה לי שאני מסוגל לתפוס דמעה!"
SORROW.EMC	"האם אוכל לתפוס עוד אחת?"
SORROW.EMC	"RAINDROP.WSA"
SORROW.EMC	"השגתי אחת!"
SORROW.EMC	"המים בודאי מלוחים!"
SORROW.EMC	"כלום לא שוקע!"
SORROW.EMC	"בריכת הדמעות"
SORROW.EMC	"אתה הולך מאד קרוב בעקבותיי יחסית למישהו שלא רודף אחרי."
SPELL.EMC	"SPELL.WSA"
SPELL.EMC	"BRANDYW2.WSA"
SPELL.EMC	" טוב. "
SPELL.EMC	"המגילה ברשותך."
SPELL.EMC	"כעת תחפש אחר כלי נוסף."
SPELL.EMC	" כלי נוסף?"
SPELL.EMC	"עליו למצוא את אבני-ההולדת שלו."
SPELL.EMC	"שפני-מקלדת?!"
SPELL.EMC	"התכוונת לאבני-הולדת."
SPELL.EMC	"לכל עונה אבן משלה."
SPELL.EMC	"הנח כל אחת בצלחת על פי הסדר..."
SPELL.EMC	"...או משהו בסגנון."
SPELL.EMC	"מהן אבני-ההולדת שלי..."
SPELL.EMC	"ואיזו צלחת?"
SPELL.EMC	"קיץ תחילה."
SPELL.EMC	"נדמה לי שהחבאתי אותה בקרבת מקום..."
SPELL.EMC	"זה כל מה שאני זוכר."
SPELL.EMC	"זימנתי את כל האבנים שאתה צריך..."
SPELL.EMC	"...אבל הקסם שלי התפקשש."
SPELL.EMC	"תיאלץ לבחור מבין כל אלה שמונחות בסביבה."
SPELL.EMC	"אהה, הקולמוס שלי אצלך!"
SPELL.EMC	"מדוע רציתי אותו?"
SPELL.EMC	"אתה אדון המגילות."
SPELL.EMC	"תכתוב אחת שתסייע לו במסע."
SPELL.EMC	"כמובן!"
SPELL.EMC	"תזדקק ל..."
SPELL.EMC	"...מגילה קסומה!"
SPELL.EMC	"פתרתי את משימת אבני-ההולדת..."
SPELL.EMC	"...וקיבלתי חליל."
SPELL.EMC	"מצוין, באנדון..."
SPELL.EMC	"כבר התאמנת?"
SPELL.EMC	"קוראים לי ברנדון אדוני..."
SPELL.EMC	"לא באנדון ולא קרמדן..."
SPELL.EMC	"...והחליל די צווחני."
SPELL.EMC	"...ולא ניסיתי עדיין לנגן בחליל."
SPELL.EMC	"זאנתיה מבינה באלכימיה..."
SPELL.EMC	"היא יכולה לשנות את שמך."
SPELL.EMC	"נדמה לי שהיא גרה מעבר לארץ הצללים..."
SPELL.EMC	"...או שמא היא עברה משם?"
SPELL.EMC	"אנא סלח לו..."
SPELL.EMC	"...הוא משתדל מאד."
SPELL.EMC	"המבוך מתחיל במערת הנחש."
SPELL.EMC	"שמור על עצמך!"
SPELL.EMC	"יש שם מפלצות איומות!"
SPELL.EMC	"דרם - האם אתה ער?"
SPELL.EMC	"אוכל לעזור לך?"
SPELL.EMC	"הוא דרש אותי!"
SPELL.EMC	"למה שיבקר אותך?"
SPELL.EMC	"מה רצונך נערי?"
SPELL.EMC	"אתה רושם הזמנות לגבינה?"
SPELL.EMC	"זה ברנדון, תרח טיפש שכמוך."
SPELL.EMC	"אתה יודע..."
SPELL.EMC	"נכדו של חיליק..."
SPELL.EMC	"זה שבמסע במטרה לנטרל את כוחותיו של מלקולם."
SPELL.EMC	"ידעתי את זה."
SPELL.EMC	"אז, ברנסון, אתה רקדן?"
SPELL.EMC	"זה מוזר למדי."
SPELL.EMC	"אני צריך קולמוס."
SPELL.EMC	"מה?"
SPELL.EMC	"היה לו מחסום כתיבה במשך שנים."
SPELL.EMC	"אולי המשבר נתן לו השראה."
SPELL.EMC	"את אומרת שסתם פיזרתי ניירות כדי להיראות עסוק?"
SPELL.EMC	"תגיד..."
SPELL.EMC	"האם אתה יכול לצחצח שיניים של דרקון?"
SPELL.EMC	"BRANDYW3.WSA"
SPELL.EMC	"האם אני מריח חתולים מהפה שלך?"
SPELL.EMC	"זו אשמתי שאיני אוכלת אבירים?"
SPELL.EMC	"איכס!"
SPELL.EMC	"הכל שריר וזיעה..."
SPELL.EMC	"...וכל כך קשה לקילוף!"
SPELL.EMC	"אז, אתה יכול לעזור לי?"
SPELL.EMC	"ככה חשבה ברין."
SPELL.EMC	"אם רק תפסיק לרקוד לרגע, קרמדן..."
SPELL.EMC	"...ותביא לי את מה שביקשתי!"
SPELL.EMC	"ובכן, ברנסון..."
SPELL.EMC	"עוד לא נתת לי את הקולמוס שאני צריך."
SPELL.EMC	"יחסית למיסטיקנים חסרי קסם..."
SPELL.EMC	"...נראה שיש לכם דווקא הרבה מאד."
SPELL.EMC	"ההשפעה של מלקולם הולכת וגוברת..."
SPELL.EMC	"...וממש בקרוב יחדלו הלחשים שלנו ולא יעבדו עוד."
SPELL.EMC	"אז קח את המגילה, תשתמש בה אחר כך."
SPELL.EMC	"קח את המגילה, מקרוני..."
SPELL.EMC	"...השתמש בה במסעותיך."
SPELL.EMC	" ברינטון..."
SPELL.EMC	"...פתור את משימת אבני-ההולדת!"
SPELL.EMC	"ואז חזור הנה."
SPELL.EMC	"לשם מה חזרת לכאן, בורטון?"
SPELL.EMC	"עליך למצוא את זאנתיה ביער הפיות."
SPELL.EMC	"ברוך שובך, ברנסון."
SPELL.EMC	"שוב שלום, דרם."
SPELL.EMC	"מוטב לך שתחזור אל יער הפיות להשלים את משימותיך!"
SPELL.EMC	"כבר יש שם מגילה."
SPELL.EMC	"האין זה הגביע מהמרוץ התלת-רגלי של קירנדיה משנה שעברה?"
SPELL.EMC	"סחבתי אותו."
SPELL.EMC	"אל תיגע באלה."
SPELL.EMC	"אם הוא יראה אותך, הוא יחטוף שבץ."
SPELL.EMC	"בתוך מעונו של דרם"
SPRING.EMC	"צבעוני יפהפה."
SPRING.EMC	"הם נראים יותר טוב מהגינה שלי."
SPRING.EMC	"תמיד אהבתי צבעונים."
SPRING.EMC	"אני לא יכול להתאפק."
SPRING.EMC	"אני תוהה אם יש דגים מתחת לאדמה."
SPRING.EMC	"לא ארצה לאבד את זה במעין."
SPRING.EMC	"מישהו צריך לבקבק את המים האלו ולמכור אותם!"
SPRING.EMC	"חתיכת זרם בשביל מעין כזה קטן."
SPRING.EMC	" נפלא..."
SPRING.EMC	" ...זה יפהפה."
SPRING.EMC	"הסלע הגדול בקרקעית יפה למראה."
SPRING.EMC	"הלוואי שהיה לי פנאי לטבול את הרגליים."
SPRING.EMC	"מעין מבעבע"
SQUARE.EMC	"הברקת הזו ממש ננעצה שם בפנים."
SQUARE.EMC	"היית מצפה שתהיינה כמה ציפורים על זה."
SQUARE.EMC	"נראה כמו מיסטיקן זקן."
SQUARE.EMC	"לא נראה שמלקולם מציק למועדון הגינון של קירנדיה."
SQUARE.EMC	"פסל גדול"
STUMP.EMC	"CTRAP1.WSA"
STUMP.EMC	"וואו! מישהו הצפין את זה בתוך הגדע!"
STUMP.EMC	"מניח שאין שם עוד משהו."
STUMP.EMC	"גדע עץ משונה"
STUMP.EMC	"CTRAP2.WSA"
STUMP.EMC	" שלום, שלום? "
STUMP.EMC	" זאנתיה? "
TEMPLE.EMC	"אני רואה."
TEMPLE.EMC	"זה מרשים!"
TEMPLE.EMC	"זה לא הוגן!"
TEMPLE.EMC	"נמאס לי!"
TEMPLE.EMC	"למה אני צריך לעשות את זה?"
TEMPLE.EMC	"איזה דיכאון."
TEMPLE.EMC	"מה עליי לעשות?"
TEMPLE.EMC	"  עכשיו הבנתי.  "
TEMPLE.EMC	"הרי לנו!"
TEMPLE.EMC	"מה כל כך קשה בזה?"
TEMPLE.EMC	"בסדר גמור!"
TEMPLE.EMC	"מיקמתי נכונה את האבן השניה!"
TEMPLE.EMC	"מיקמתי נכונה את האבן השלישית!"
TEMPLE.EMC	"כן!"
TEMPLE.EMC	"מיקמתי את האבן האחרונה..."
TEMPLE.EMC	"...השלמתי את המשימה!"
TEMPLE.EMC	"ALTER.WSA"
TEMPLE.EMC	"הו!"
TEMPLE.EMC	"מה זה? "
TEMPLE.EMC	"עבודה טובה, מקצועית ביותר."
TEMPLE.EMC	"נראה שכוח נעלם מושך את האבנים שלי לכיוון צלחת הזהב."
TEMPLE.EMC	"מה אני?  מפקח בנין?"
TEMPLE.EMC	"איך עשו את זה כל כך חלק?"
TEMPLE.EMC	"הממ? משהו דוחף אותו!"
TEMPLE.EMC	" חליל? "
TEMPLE.EMC	"זהירות, מלקולם!"
TEMPLE.EMC	"אני מגיע אליך ועכשיו גם יש לי חליל!"
TEMPLE.EMC	"הצלחת הקסומה נעלמה."
TEMPLE.EMC	"צלחת זהב."
TEMPLE.EMC	"נשארה שם דיסה?"
TEMPLE.EMC	"זה נעלם בלהבות!"
TEMPLE.EMC	"הממ.  זה בטח נגמר."
TEMPLE.EMC	"כח נעלם דוחף את זה הרחק מצלחת הזהב."
TEMPLE.EMC	"מזבח שיש"
TEMPLE.EMC	"  זה יפהפה!   "
TRUNK.EMC	"DROPUP.WSA"
TRUNK.EMC	"מתחת לביתו של ברנדון"
TRUNK.EMC	"DROPDOWN.WSA"
TRUNK.EMC	"אתה לא יכול לזוז מהר יותר?"
TRUNK.EMC	"אני לא רודף אחריך מרית'."
UPSTAIR.EMC	"זה לא נראה כיף!"
UPSTAIR.EMC	"מרפסת רחבה"
UPSTAIR.EMC	"-אנחה-  -התנשפות-    מדרגות גדולות במיוחד!"
WELL.EMC	"שלום?  יש מישהו למטה?"
WELL.EMC	"אני תוהה אם הכובע הירוק שלי עדיין שם למטה?"
WELL.EMC	"עכשיו הבאר מלאה במים צלולים!"
WELL.EMC	"משהו קורה שם למטה..."
WELL.EMC	" הא!? "
WELL.EMC	"אבן ירח!"
WELL.EMC	"הלוואי שלא הייתי עושה את זה."
WELL.EMC	"אופס!  מקווה שאני לא אזדקק לזה בהמשך."
WELL.EMC	"נראה שהרמן תיקן אותה."
WELL.EMC	"הנה ראשי התיבות של שמי שם בצד."
WELL.EMC	"חרטתי אותם שם בעצמי!"
WELL.EMC	"באר עתיקה"
WILLOW.EMC	"העץ הזה בריא מכדי לחטוב אותו."
WILLOW.EMC	"עשיתי אחלה עבודה."
WILLOW.EMC	"אולי אני צריך להיות מנתח עצים."
WILLOW.EMC	"עץ משגשג"
WILLOW.EMC	"WOW.WSA"
WILLOW.EMC	"וואו!"
WILLOW.EMC	"ריפאתי את עץ הערבה!"
WILLOW.EMC	"זה היה מדהים, ברנדון!"
WILLOW.EMC	"רוצה לשחק?"
WILLOW.EMC	"אראה לך את הגולה שמצאתי."
WILLOW.EMC	"מצטער, מרית', אין לי פנאי לשחק..."
WILLOW.EMC	"...אבל תראה לי את הגולה."
WILLOW.EMC	"אם אתה רוצה אותה..."
WILLOW.EMC	"...תצטרך לתפוס אותי קודם!"
WISE.EMC	"*כחכוח*"
WISE.EMC	"  *כחכוח*"
WISE.EMC	"בוקר טוב, נולבי."
WISE.EMC	"*שיעול*"
WISE.EMC	"    *חרחור*"
WISE.EMC	" אני עסוק. "
WISE.EMC	" תסתלק. "
WISE.EMC	"לך תציק למיסטיקנים."
WISE.EMC	"תאיר את דרם עם הנוכחות שלך, לא אותי."
WISE.EMC	"המלמולים שלך מפריעים לי להתרכז."
WISE.EMC	"בבקשה, לך."
WISE.EMC	"אני צריך קולמוס, אדוני."
WISE.EMC	"תוכל לכוון אותי?"
WISE.EMC	"לשם מה?"
WISE.EMC	"*אקאקאק*"
WISE.EMC	"דרם מבקש."
WISE.EMC	"אני אוסף קסם כדי להילחם במלקולם."
WISE.EMC	"אני מכיר את מלקולם."
WISE.EMC	"הוא מפחיד את הציפורים."
WISE.EMC	"נשארה ציפור שיר אחת, אבל..."
WISE.EMC	"היא פגועה ואינה יכולה לשיר."
WISE.EMC	"מצטער לשמוע."
WISE.EMC	"אבל אני עדיין צריך קולמוס."
WISE.EMC	"מי שרוצה לקצור, חייב לזרוע!"
WISE.EMC	"*חרחור*"
WISE.EMC	"האם אלו הנעליים החדשות שלי?"
WISE.EMC	"סלח לי."
WISE.EMC	"*שיעול* לקצור!"
WISE.EMC	"אינך רואה שאני מנסה לנוח?"
WISE.EMC	"ניסיתי לחרוט את שמי עליו..."
WISE.EMC	"...אבל נולבי כאן מאז ומתמיד."
WISE.EMC	"מדוע ציפורים צריכות אמבט?"
WISE.EMC	"מעולם לא ראיתי ציפור מלאה בוץ."
WISE.EMC	"ציף ציף"
WISE.EMC	"האם הציפור הזו תמיד נמצאת כאן?"
WISE.EMC	"העץ הכי זקן בקירנדיה"
WISE.EMC	"אשמח לשבת..."
WISE.EMC	"...אבל הוא תופס את כל הספסל!"
XEDGE.EMC	"SAW.WSA"
XEDGE.EMC	"לקראת סיום?"
XEDGE.EMC	"מדוע שלא תלך לבקר את ברין במקדש?"
XEDGE.EMC	"הו, אז עכשיו אתה ממהר?"
XEDGE.EMC	"אם תסתכל, זה יעלה לך יותר."
XEDGE.EMC	"הייתי נותן לך לסייע, אבל אני לא אוהב להשאיל כלים."
XEDGE.EMC	"ובכן, למסור הזה שלך לא תזיק השחזה הגונה."
XEDGE.EMC	"אין לך שום דבר אחר לעשות?"
XEDGE.EMC	"עדיין נשאר לעץ הזה לא מעט זמן."
XEDGE.EMC	"בסדר, אחזור אחר כך."
XEDGE.EMC	"מחשוף מסולע"
XEDGEB.EMC	"מחשוף מסולע"
XEDGEC.EMC	"הנסורת מריחה נהדר!"
XEDGEC.EMC	"מחשוף מסולע"
ZROCK.EMC	"לאן נעלמו כל כלבי הים?"
ZROCK.EMC	"הייתי מעדיף לדוג, נדמה לי."
ZROCK.EMC	"התנפצות הגלים נראית קשוחה היום."
ZROCK.EMC	"צוק דרומי"
_NPC.EMC	" בואו ננסה."
_NPC.EMC	" הנה זה בא..."
_NPC.EMC	"אני מרגיש מוזר במקצת..."
_NPC.EMC	"PEGASUS.WSA"
_NPC.EMC	"אין לי מה לעשות עם זה כשאני ככה."
_NPC.EMC	"הממ? ריק, אבל השם של ברין כתוב עליו!"
_NPC.EMC	"מוטב שאלך למקדש."
_NPC.EMC	"ברין תדע מה לעשות!"
_NPC.EMC	")רחרוח("
_NPC.EMC	"מריח כמו שושנה."
_NPC.EMC	"טעים!  חטיף קטן זה נחמד."
_NPC.EMC	"איכס!  סושי מימי הביניים."
_NPC.EMC	"טעם של מספוא..."
_NPC.EMC	"...אבל כמו שאני אוהב!"
_NPC.EMC	" -לגימה-"
_NPC.EMC	" אחחח... "
_NPC.EMC	"*שיעול*   "
_NPC.EMC	"   *שיעול*"
_NPC.EMC	"איכס! אלו מי מלח!"
_NPC.EMC	"אוו.  זה מדגדג."
_NPC.EMC	"היי, אחת מאבני החן על הקמע שלי כחולה פתאום!"
_NPC.EMC	"*שיהוק*  "
_NPC.EMC	"  *שיהוק*"
_NPC.EMC	" *שיהוק* "
_NPC.EMC	"נראה לי שהם נעלמו."
_NPC.EMC	"איככ! טעם של לכה!"
_NPC.EMC	"  הו לא!  "
_NPC.EMC	"לא שוב!"
_NPC.EMC	"יאמי! זה חם ופיקנטי!"
_NPC.EMC	"זמן לביקור קצר."
_NPC.EMC	"השיקוי הזה יעזור לי להגיע לשם."
_NPC.EMC	"LEP_IN.WSA"
_NPC.EMC	"היי, זה היה כיף!"
_NPC.EMC	" או! "
_NPC.EMC	"מטבע הזהב הזה עצום!"
_NPC.EMC	"תפסתי את הדמעה הזו בבריכת הדמעות."
_NPC.EMC	"תפסתי את הדמעה הזו על יד הבריכה כאן."
_NPC.EMC	"תוספת חביבה לאוסף הגולות שלי."
_NPC.EMC	"טעים!  מקווה שהן לא רעילות."
_NPC.EMC	"SHATTER.WSA"
_NPC.EMC	"  אדיר!  "
_NPC.EMC	"התו האחרון ניפץ את הקרח!"
_NPC.EMC	"לא ידעתי שאני מנגן כל כך נורא."
_NPC.EMC	"בואו ננסה. "
_NPC.EMC	"הצלחתי!"
_NPC.EMC	"גרמתי ללהבות לכבות!"
_NPC.EMC	"מניח שאנסה את זה..."
_NPC.EMC	"  זה עבד!  "
_NPC.EMC	"המגילה הזו מתחילה להשתלם!"
_NPC.EMC	" בררר! "
_NPC.EMC	"הממ. לא קרה שום דבר, אבל בא לי ללכת מכאן למקום אחר."
_NPC.EMC	"חשבתי שזה היה כוכב ים מת."
_NPC.EMC	"נופך גדול שכזה בודאי בעל ערך רב."
_NPC.EMC	"אוווו!  ניצוצות סגולים!"
_NPC.EMC	"צורתה משולש מושלם."
_NPC.EMC	"היהלום מנצנץ באור השמש."
_NPC.EMC	"הברקת הזו בצבע החביב עליי."
_NPC.EMC	"הפנינה הזו בוודאי הגיעה מהים."
_NPC.EMC	"השגת אבן האודם הזו הייתה מסוכנת."
_NPC.EMC	"הממ.. האין זה דו-מגנזיו-ברזל, צורן ארבע-חמצני?"
_NPC.EMC	"הממ? אני בוחן אבני חן!"
_NPC.EMC	"איזה שילוב צבעים מסקרן."
_NPC.EMC	"נראה כמו גלולה גדולה במיוחד."
_NPC.EMC	"זו האבן הכהה ביותר שראיתי מימיי."
_NPC.EMC	"האבן הזו חמימה למגע."
_NPC.EMC	"האבן קורנת באורה הפנימי."
_NPC.EMC	"לאבן הנדירה הזו קשת קטנטנה בתוכה."
_NPC.EMC	"מריח נפלא."
_NPC.EMC	"פרח אקזוטי ונדיר."
_NPC.EMC	"תראו, יש בפנים חצי תולעת."
_NPC.EMC	"השושנה מדגדגת לי ביד."
_NPC.EMC	"אשמח לשמור את זה!"
_NPC.EMC	"זה נראה חשוב למדי!"
_NPC.EMC	"הוי, לא!  זפת!"
_NPC.EMC	"זה די בולט שאני מאבד את זה."
_NPC.EMC	"מעניין מה הטעם של גזוז אגוז?"
_NPC.EMC	"זוהר באור חזק!"
_NPC.EMC	"נהיה עמום יותר."
_NPC.EMC	"הוי, לא! זה כבר ממש עמום!"
_NPC.EMC	"או או! זה כמעט כבה!"
_NPC.EMC	" הצילו!! "
_NPC.EMC	"אין עוד בשר."
_NPC.EMC	"אני אוהב כאלה."
_NPC.EMC	"יכול להיות שזה מגולף מברקת?"
_NPC.EMC	"זה מדגדג!"
_NPC.EMC	"זו עין קסומה, מן הסתם."
_NPC.EMC	"מרגיש כמו אבטיח."
_NPC.EMC	"מה השעה עכשיו?"
_NPC.EMC	"לאן זה הולך?"
_NPC.EMC	"מה חשבתי לעצמי?  זה ריק!"
_NPC.EMC	"אין בפנים כלום."
_NPC.EMC	"הדבר הזה כבד."
_NPC.EMC	"זה בהחלט גדול מדי לראש שלי!"
_NPC.EMC	"ברור שזה פריט מלוכה."
_NPC.EMC	"ככל הנראה, זה לא של השירותים."
_NPC.EMC	"טעים מאד! נהייתי רעב."
_NPC.EMC	"לא נשאר עוד בשר."
_NPC.EMC	"רחרוח, רחרוח."
_NPC.EMC	"אני מרגיש לגמרי חסר משקל."
_NPC.EMC	"מדוע אני זה שחייב לעשות הכל?"
_NPC.EMC	"הלוואי שהיה לי איזה סוס לרכוב עליו."
_NPC.EMC	"אני לא מאמין שנתנו לזה לקרות!"
_NPC.EMC	"חבל שאין לי פנאי לתפוס איזו תנומה קלה!"
_NPC.EMC	"אני חושב שמתחילה להיות לי שפשפת!"
_NPC.EMC	"איפה כולם?"
_NPC.EMC	"הייתם מצפים שלמישהו תהיה מפה של המקום הזה!"
_NPC.EMC	"נראה כאילו המערות האלה נמשכות לנצח."
_NPC.EMC	"איכס!  כל המקטורן שלי מלא זפת!"
_NPC.EMC	"איך אני אמור לדעת מה לעשות?!"
_NPC.EMC	"אני גווע!  לא אכלתי ארוחת צהריים!"
_NPC.EMC	"מי ישים לב אם פשוט אלך הביתה?"
_NPC.EMC	"הרגליים הורגות אותי!"
_NPC.EMC	"אעשה הכל בשביל זוג סנדלים!"
_NPC.EMC	"מעניין מה שלום סבא?"
GEMCUT.EMC	"אני יכול לנסר אותך החוצה?"
GEMCUT.EMC	"או-או, אולי אפשר לתקן את השיניים האלה."
GEMCUT.EMC	"היה שווה לנסות."
GEMCUT.EMC	"אני אתקן את זה."
GEMCUT.EMC	"סלעים."
GEMCUT.EMC	"כמה סלעים."
GEMCUT.EMC	"למה אני ממשיך לגעת בזה?"
GEMCUT.EMC	"איך זה יעזור?"
GEMCUT.EMC	"BRANTREE.WSA"
GEMCUT.EMC	"FACE.WSA"
GEMCUT.EMC	"FACE2.WSA"
GEMCUT.EMC	"ברנדון?"
GEMCUT.EMC	"מה?"
GEMCUT.EMC	"מי אמר את זה?"
GEMCUT.EMC	"האם אתה ברנדון, נכדו של חיליק?"
GEMCUT.EMC	"הנני."
GEMCUT.EMC	"מה אתה?"
GEMCUT.EMC	"אנחנו מהממלכה האחרת."
GEMCUT.EMC	"אנחנו מדברים בשם הארץ."
GEMCUT.EMC	"למה שהארץ תרצה לדבר אתי?"
GEMCUT.EMC	"אנחנו גוססים, ברנדון."
GEMCUT.EMC	"לחשי קסם למטרות רוע הפרו את האיזון בטבע."
GEMCUT.EMC	"לא תוכלו להשתמש בקסם שלכם כדי להילחם ברוע?"
GEMCUT.EMC	"הרוע קיים רק בממלכת בני האדם."
GEMCUT.EMC	"לארץ אין רוע..."
GEMCUT.EMC	"...ולפיכך, אין לה הגנה מפניו."
GEMCUT.EMC	"אבל-- מדוע זה קורה עכשיו?"
GEMCUT.EMC	"הקירגלית הקסומה, הסמל לאמון שבין הממלכות, הושחתה."
GEMCUT.EMC	"כעת, אינה יכולה היא להגן עלינו עוד."
GEMCUT.EMC	"עליך, ברנדון, להתנגד בשמנו."
GEMCUT.EMC	"מה!?"
GEMCUT.EMC	"למה אני?"
GEMCUT.EMC	"נבחרת, נכדו של חיליק."
GEMCUT.EMC	"גורלך נקבע בטרם נולדת."
GEMCUT.EMC	"אבל אין לי מושג היכן להתחיל."
GEMCUT.EMC	"תן לאמונתך להראות לך את הדרך, ברנדון."
GEMCUT.EMC	"התכונן למסע שלך."
GEMCUT.EMC	"חכה!"
GEMCUT.EMC	"מה לגבי--"
GEMCUT.EMC	"TOUCH.WSA"
GEMCUT.EMC	"מה קרה לסבא שלי?"
GEMCUT.EMC	"יש כאן עוד משהו?"
GEMCUT.EMC	"חשבתי שהסנדלים שלי בפנים."
GEMCUT.EMC	" תפוח! "
GEMCUT.EMC	"שוב שלום."
GEMCUT.EMC	"זה נפל לאגרטל!"
GEMCUT.EMC	"נדמה לי שכבר יש משהו בפנים."
GEMCUT.EMC	"העץ צודק."
GEMCUT.EMC	"הארץ באמת גוססת."
GEMCUT.EMC	"אני רואה מכאן המון עצים מתים."
GEMCUT.EMC	"ברין, ברין!"
GEMCUT.EMC	"בואי מהר!"
GEMCUT.EMC	"כנראה היא לא שומעת אותי."
GEMCUT.EMC	"אני אאלץ ללכת להביא אותה."
GEMCUT.EMC	"כדאי שאשכיב את סבא במיטה?"
GEMCUT.EMC	"לא נראה לי שיש דרך להזיז אותו."
GEMCUT.EMC	"לא אוכל לקחת את זה, הוא יזדקק לאור."
GEMCUT.EMC	"מועדון הקריאה המיסטי."
GEMCUT.EMC	"אחלה כריכות, אבל חומר הקריאה מעפן."
GEMCUT.EMC	"המסור של סבא."
GEMCUT.EMC	"אני לא רוצה להיסחב עם זה!"
GEMCUT.EMC	"לא חושב שהוא מסוגל ללעוס."
GEMCUT.EMC	"GRANDPA.WSA"
GEMCUT.EMC	"סבא, אתה שומע אותי?"
GEMCUT.EMC	" פתק. "
GEMCUT.EMC	"יש כאן משהו?"
GEMCUT.EMC	"הבית של ברנדון"
GEMCUT.EMC	"סבא!"
GEMCUT.EMC	"מה קרה לך?!?"
GEMCUT.EMC	"אולי הקסם שלי יוכל לרפא את סבא..."
GEMCUT.EMC	"מצטער סבא..."
GEMCUT.EMC	"חשבתי שזה עשוי לעבוד."
