ALLEY.EMC	"מתחילים. בטח גם החשבון כולל שירות."
ALLEY.EMC	"זה מעלה בי זכרונות לא טובים."
ALLEY.EMC	"ZANALDOR.WSA"
ALLEY.EMC	"איזה אידיוט ינעל דלת של בית מרזח?"
ALLEY.EMC	"הנה. זה פתח את הנעילה."
ALLEY.EMC	"זה בטח 'הדרקון השיכור.'"
ALLEY.EMC	"""חברת החרדל מרי מרסייה"""
ALLEY.EMC	"היי, אלו לא אוניות..."
ALLEY.EMC	"אלה רק מקלות תקועים בבוץ!"
ALLEY.EMC	"שתיה ודרקונים לא הולכים ביחד."
ALLEY.EMC	"איזו אינסטלציה מפונפנת!"
ALLEY.EMC	"היי ילדונת, רוצה לנסות את מזלך?"
ALLEY.EMC	"צריך רק למצוא את האפונה."
ALLEY.EMC	"מה יכול להיות קל יותר?"
ALLEY.EMC	"רואה?"
ALLEY.EMC	"הכפילי את כספך!"
ALLEY.EMC	"רוצה לשחק?"
ALLEY.EMC	"תשכחי מזה גברת..."
ALLEY.EMC	"את תביאי אותי לידי פשיטת רגל!"
ALLEY.EMC	"כדאי לך להשתמש בקמיע מזל."
ALLEY.EMC	"ידעתי שתרצי לנסות את מזלך..."
ALLEY.EMC	"אז בואי נתחיל..."
ALLEY.EMC	"שימי עין על האפונה."
ALLEY.EMC	"בחרי צדפה, כל צדפה."
ALLEY.EMC	"המשחק שלך הוא בינגו, אה?"
ALLEY.EMC	"אם נראה לך שזה יעזור, את יכולה לשים את קמיע המזל שלך איפה שתרצי..."
ALLEY.EMC	"אני משחק רק בתמורה לזהב."
ALLEY.EMC	"לא עכשיו, מותק."
ALLEY.EMC	"רק בחרי צדפה."
ALLEY.EMC	"יא חת'כת נבלה מזליסטית!"
ALLEY.EMC	"לא יכול להיות!"
ALLEY.EMC	"הנה הכסף המסריח שלך!"
ALLEY.EMC	"פשוט קחי את המזומנים ולכי!"
ALLEY.EMC	"אווווו, כמה חבל."
ALLEY.EMC	"הניחי את זה ובחרי צדפה!"
ALLEY.EMC	"מריח כמו הים."
ALLEY.EMC	"ALLEY"
ALLEY.EMC	"AL_BLUE.WSA"
ALLEY.EMC	"AL_CYAN.WSA"
ALLEY.EMC	"AL_GREEN.WSA"
ALLEY.EMC	"AL_ORNGE.WSA"
ALLEY.EMC	"AL_PINK.WSA"
ALLEY.EMC	"AL_RED.WSA"
ALLEY.EMC	"AL_YELLO.WSA"
ALLEY.EMC	"OCTOPUS.WSA"
ALTAR.EMC	"איני בטוחה שזה המקום הנכון."
ALTAR.EMC	"למה שהם יבנו מקום כזה?"
ALTAR.EMC	"האם זהו שער דה פתי-מאמין?"
ALTAR.EMC	"בחיי, השמיים מקסימים היום."
ALTAR.EMC	"איזה מבנה מדהים!"
ALTAR.EMC	"מזבח נאה."
ALTAR.EMC	"ועכשיו זה שיקוי הטלת ספק מושלם."
ALTAR.EMC	"אני לא חושבת שהמזבח הוא המקום הנכון בשביל זה."
ALTAR.EMC	"אני תוהה..."
ALTAR.EMC	"ALTAR.WSA"
ANCHOR.EMC	"""אבן אחת בלבד לכל לקוח."""
ANCHOR.EMC	"אבן עוגן!"
ANCHOR.EMC	"כבר לקחתי אחת כזאת."
ANCHOR.EMC	"אני לא צריכה כזה."
ANCHOR.EMC	"המממם. עוד סלעים, עוד פתחי אוורור... אני תוהה..."
ANCHOR.EMC	"המממם. פתח אוורור."
ANCHOR.EMC	"הוא מחובר."
ANCHOR.EMC	"JESSANCR.WSA"
ANCHOR.EMC	"הצלחתי!"
ANCHOR.EMC	"מצאתי!"
ANCHOR.EMC	"היי! זהירות!"
ANCHOR.EMC	"פרחה!"
ANCHOR.EMC	"בואי בואי!"
ANCHOR.EMC	"את לא תעזי."
ANCHOR.EMC	"זאנתיה!"
ANCHOR.EMC	"תודה לאל שמצאתי אותך!"
ANCHOR.EMC	"הבעיה האמיתית לא קשורה בכלל לאבני העוגן המטופשות האלו!"
ANCHOR.EMC	"מרקו!"
ANCHOR.EMC	"מה זאת אומרת?"
ANCHOR.EMC	"ואיך פתחת את הפורטל הזה?"
ANCHOR.EMC	"הזדרזי ובואי הנה..."
ANCHOR.EMC	"אנחנו חייבים לעלות אל גלגלי הגורל."
ANCHOR.EMC	"זו הסיבה שהכל נעלם!"
ANCHOR.EMC	"אההה!"
ANCHOR.EMC	"מרקו..."
ANCHOR.EMC	"הוא ממש חמוד!"
ANCHOR.EMC	"ביוש!"
ANCHOR.EMC	"אוי לא!"
ANCHOR.EMC	"איזה חדר מוזר בשביל מזבח."
ANCHOR.EMC	"כדאי שאקח את פיסת הקלף הזאת איתי."
ANCHOR.EMC	"עדיף שאחזיר את הדף הזה לספר הלחשים שלי קודם."
ANCHOR.EMC	"זה חתיכת עוגן ענקי!"
ANCHOR.EMC	"אני חושבת שהגיע הזמן לצלצל לפאון שוב."
ANCHOR.EMC	"זאנתיה לפאון... זאנתיה לפאון..."
ANCHOR.EMC	"ANCHOR.WSA"
ANCHOR.EMC	"PLUG_ANK.WSA"
BRIDGE.EMC	"בא לי להעיף לאביר הזה אגרוף לפרצוף."
BRIDGE.EMC	"לא הייתי עושה זאת אם הייתי במקומך."
BRIDGE.EMC	"לי יש שריון. לך יש מכנסונים."
BRIDGE.EMC	"KNIT"
BRIDGE.EMC	"כבר יש לי כדור שלג."
BRIDGE.EMC	"יש פה כדור שלג נח על האדמה."
BRIDGE.EMC	"השארתי כדור שלג על האדמה איפה שהוא."
BRIDGE.EMC	"איזה ג'נטלמן."
BRIDGE.EMC	"זה מטופש."
BRIDGE.EMC	"זה נהיה ממש מגוחך."
BRIDGE.EMC	"הלוואי שהילד-טוב-ירושלים הזה ימצא קורבן אחר למעשיו הטובים."
BRIDGE.EMC	"SNOWMAN1.WSA"
BRIDGE.EMC	"KNGHTSNW.WSA"
BRIDGE.EMC	"KNI2"
BRIDGE.EMC	"נשבר לי!"
BRIDGE.EMC	"אני הולך לעבוד במקום שבו יעריכו אותי."
BRIDGE.EMC	"פוייייי עובש רירי!"
BRIDGE.EMC	"איכס. אלה אצות."
BRIDGE.EMC	"המממם. רטוב מדי."
BRIDGE.EMC	"המממם. יבש מדי."
BRIDGE.EMC	"אני חייבת לראות את זה שוב."
BRIDGE.EMC	"אלווה כל אחד..."
BRIDGE.EMC	"...אפילו איש שלג."
BRIDGE.EMC	"לא, תודה לך. אני במשמרת."
BRIDGE.EMC	"נראה שיש פה איגוד גננים."
BRIDGE.EMC	"המממם. טחב."
BRIDGE.EMC	"המממם. עוד טחב."
BRIDGE.EMC	"זה לא הסמל של ריצ'רד איש גלאדסטון?"
BRIDGE.EMC	"יש שם טרולים למטה?"
BRIDGE.EMC	"יש חפרפרות כאן למעלה?"
BRIDGE.EMC	"מה זה? ארמון חול?"
BRIDGE.EMC	"אגוז לוז."
BRIDGE.EMC	"כבר יש שם משהו בפנים."
BRIDGE.EMC	"נראה כמו עבודה של אדריכלי פיזה."
BRIDGE.EMC	"אני לא רוצה להחביא את זה שם!"
BRIDGE.EMC	"וואו, איזו זכוכית ישנה."
BRIDGE.EMC	"אל תגידו לי שיש כאן למעלה מערכת ביוב."
BRIDGE.EMC	"KNGHTZAN.WSA"
BRIDGE.EMC	"ROLLROCK.WSA"
CELLAR.EMC	"אלה נראים מסוכנים."
CELLAR.EMC	"פרסה ישנה."
CELLAR.EMC	"פרסה."
CELLAR.EMC	"""מכונת גבינה א.ק.מ.י"""
CELLAR.EMC	"אני תוהה בת כמה מכונת הגבינה הזאת?"
CELLAR.EMC	"עכשיו יש חלב בפנים."
CELLAR.EMC	"בואו ננסה עכשיו."
CELLAR.EMC	"אני לא רוצה לשים את זה שם."
CELLAR.EMC	"זה נראה כמו הסוג של העכברוש ההוא."
CELLAR.EMC	"לא יצאה משם שום גבינה."
CELLAR.EMC	"זאת צ'דר או גאודה?"
CELLAR.EMC	"יש כבר מעט גבינה על הריצפה."
CELLAR.EMC	"כבר יש לי חתיכת גבינה איפה שהוא."
CELLAR.EMC	"אני לא עוזבת בלי אתם יודעים מה."
CELLAR.EMC	"איפה העכבישים?"
CELLAR.EMC	"יש שם חור בתחתית."
CELLAR.EMC	"אני בטוחה שהבונים יעופו על בול העץ הזה."
CELLAR.EMC	"איך הוא הצליח להכניס את זה לכאן?"
CELLAR.EMC	"למה הוא שומר בקבוק סדוק?"
CELLAR.EMC	"למה זה מלא בבוץ?"
CELLAR.EMC	"הבקבוק הזה תקוע בשעווה."
CELLAR.EMC	"זה לא נראה כמו כלי שאסתדר איתו."
CELLAR.EMC	"UPLADR.WSA"
CELLAR.EMC	"ZANCHEEZ.WSA"
CLEARNG.EMC	"זה התרופף קצת."
CLEARNG.EMC	"עכשיו איך אני אמורה לטפס על הגג הזה?"
CLEARNG.EMC	"אני לא מטפסת לשם בלי מגנט האלכימאים שלי."
CLEARNG.EMC	"נטיף הקרח הזה יכול לעזור..."
CLEARNG.EMC	"זה לא יעזור לי לטפס למעלה."
CLEARNG.EMC	"נטיף הקרח הזה קפוא במקומו."
CLEARNG.EMC	"אי אפשר להוציא את הנטיף הזה."
CLEARNG.EMC	"קפוא במקום."
CLEARNG.EMC	"לא חשבתי ששלג יכול להיערם על גג כל כך תלול."
CLEARNG.EMC	"איך הם הצליחו להרים את בולי העץ לשם?"
CLEARNG.EMC	"הגיע הזמן להתקשר שוב לפאון..."
CLEARNG.EMC	"CLEARING.WSA"
CLEARNG.EMC	"RAINCLMB.WSA"
CLIFF.EMC	"זה יכול להיות מחזיק מפתחות עצום."
CLIFF.EMC	"אני צופה קטנה וטובה."
CLIFF.EMC	"מה אעשה עם טביעת רגל בוצית?"
CLIFF.EMC	"אני לא חושבת שאני צריכה עוד בוץ."
CLIFF.EMC	"בוץ. כל כך מועיל!"
CLIFF.EMC	"אין מצב שאלכלך אחד מהבקבוקים *שלי*!"
CLIFF.EMC	"מספיק עם בוץ בשבילי."
CLIFF.EMC	"האם זה ארנב איי הפסחא?"
CLIFF.EMC	"אין לי שום צורך בשעוות אוזניים."
CLIFF.EMC	"אלה לא בדרך כלל בצבע ורוד?"
CLIFF.EMC	"בחיי, בטח יש להם בעיית סחף איומה."
CLIFF.EMC	"וואו! אני יכולה לראות כל הדרך עד לצד השני!"
CLIFF.EMC	"איזה כיף שהכרישים העיפו מפה את כל כלבי הים המעצבנים."
CLIFF.EMC	"איזה נוף!"
CLOSE.EMC	"MAR1"
CLOSE.EMC	"אני אלמד אותך מה זה *לשחק* באמון שלי!"
CLOSE.EMC	"PEAK.WSA"
CLOSE.EMC	"PKFIGHT.WSA"
CRICKET.EMC	"אלה בטח זבובי פירות."
CRICKET.EMC	"מנגינה חמודה אבל לא ממש קליטה."
CRICKET.EMC	"ביצה משונה."
CRICKET.EMC	"שורשים מתפתלים!"
CRICKET.EMC	"מי ביצה."
CRICKET.EMC	"CRICKET3.WSA"
CRICKET.EMC	"CRICKET1.WSA"
CRICKET.EMC	"CRICKET6.WSA"
CRICKET.EMC	"CRICKET5.WSA"
CRICKET.EMC	"CRICKET4.WSA"
CRICKET.EMC	"CRICKET7.WSA"
CRICKET.EMC	"CRICKET2.WSA"
CROC.EMC	"הגזע ריק."
CROC.EMC	"תראו מה מצאתי!"
CROC.EMC	"חבוי מן העין."
CROC.EMC	"כבר יש משהו שם בפנים."
CROC.EMC	"גרר, גרר, גרר. אתה לא מחדש לי כלום, חבר."
CROC.EMC	"_ZTIPTOE.EMC"
CROC.EMC	"היי! ספר הלחשים הישן שלי מבית הספר לקוסמות!"
CROC.EMC	"היי! מי קרע את כל הדפים!"
CROC.EMC	"קלחת הטיולים הקטנה שלי!"
CROC.EMC	"הגנב בטח החביא אותה כאן..."
CROC.EMC	"קטנה מדי להכנת שיקויי פורטל, אבל עדיפה על כלום."
CROC.EMC	"כבר יש שם משהו."
CROC.EMC	"זה עלול לעצבן אותו."
CROC.EMC	"אני לא יכולה להתאפק."
CROC.EMC	"_ZCROC.EMC"
CROC.EMC	"אני אוהבת לחיות על הקצה."
CROC.EMC	"_ZTICKLE.EMC"
CROC.EMC	"אני לא רוצה להאכיל אותו בזה!"
CROC.EMC	"וואו. הוא בלע הכל בשלמותו!"
CROC.EMC	"אני לא יכולה להרים את זה בידיי."
CROC.EMC	"אין מצב שאני הולכת לשתות את זה!"
CROC.EMC	"ביצה מוזרה."
CROC.EMC	"נראה כמו התסרוקת הישנה של ברין."
CROC.EMC	"פאזולות."
CROC.EMC	"מי ביצה."
CROC.EMC	"CROC.WSA"
CROC.EMC	"CROCKEAT.WSA"
DINOA.EMC	"שמלתי האדומה המסכנה."
DINOA.EMC	"אבל הבד יהיה שימושי."
DINOA.EMC	"המממם. עוד סלעים, עוד פתחי אוורור... אני תוהה..."
DINOA.EMC	"המממם. פתח אוורור."
DINOA.EMC	"הוא מחובר."
DINOA.EMC	"איזו מערה מעניינת."
DINOA.EMC	"המסע הזה לא היה קל למלתחה שלי."
DINOA.EMC	"זה נראה מוכר."
DINOA.EMC	"DINOA.WSA"
DINOA.EMC	"DINOWTR.WSA"
DINOA.EMC	"DINOAL.WSA"
DINOA.EMC	"DINOAL2.WSA"
DINOA.EMC	"ZANRAG.WSA"
DINOA.EMC	"ZANBRIDG.WSA"
DINOA.EMC	"ZANBOUNZ.WSA"
DINOA.EMC	"PLUGA.WSA"
DINOB.EMC	"פלומת דקל בדולח."
DINOB.EMC	"וואו. דקלי בדולח."
DINOB.EMC	"DINOA"
DINOB.EMC	"DINOB"
DINOB.EMC	"DINOC"
DINOB.EMC	"DINOD"
DINOB.EMC	"REXTEDDY.WSA"
DINOB.EMC	"ZANEATN.WSA"
DINOB.EMC	"REXSMASH.WSA"
DINOB.EMC	"אין מצב!"
DINOB.EMC	"ימי הדהרות על טי-רקס חלפו עבור המיסטיקנית הזאת!"
DINOB.EMC	"מוכנה להתערב שאני יכולה לקפוץ על הגב שלו..."
DINOB.EMC	"...אבל הלוואי שהיה לי משהו שיכולתי להשתמש בו כפתיון."
DINOB.EMC	"אצטרך משהו שיעזור לי לכוון אותו."
DINOB.EMC	"אפילו אם אצליח לרכוב עליו..."
DINOB.EMC	"...לא אוכל לקפוץ עליו מכאן!"
DINOB.EMC	"אני לא עוזבת בלי מגנט האלכימאים שלי."
DINOB.EMC	"מזל שאני רחוקה ממנו."
DINOB.EMC	"אני לא חושבת שהוא ירצה את זה."
DINOB.EMC	"איזו מערה יוצאת דופן."
DINOB.EMC	"הממ..."
DINOB.EMC	"REXLTR.WSA"
DINOB.EMC	"DINOB.WSA"
DINOB.EMC	"DINOB2.WSA"
DINOB.EMC	"REXTEAR.WSA"
DINOC.EMC	"המממם... אבנים שחורות קטנות."
DINOC.EMC	"כבר יש לי עיני דובים."
DINOC.EMC	"אולי אזדקק לעוד עיניים."
DINOC.EMC	"המממם. עוד סלעים, עוד פתחי אוורור... אני תוהה..."
DINOC.EMC	"המממם. פתח אוורור."
DINOC.EMC	"הוא מחובר."
DINOC.EMC	"אני פשוט תוהה..."
DINOC.EMC	"עוד אבנים כאלו יכולות להתאים לשיקוי הדובון."
DINOC.EMC	"האבנים האלו יכולות להתאים לשיקוי הדובון."
DINOC.EMC	"אני סיימתי עם הרכיבות."
DINOC.EMC	"כדאי שאשיג עוד כמה."
DINOC.EMC	"אלה יכולים להועיל."
DINOC.EMC	"FETCH.WSA"
DINOC.EMC	"אתה אוהב לשחק ב""לך תביא"", חמוד?"
DINOC.EMC	"התעייפתי מהמשחק הזה."
DINOC.EMC	"אני לא חושבת שזה יעניין אותו."
DINOC.EMC	"איזו מערה מיוחדת!"
DINOC.EMC	"DINOC.WSA"
DINOC.EMC	"STEGO.WSA"
DINOC.EMC	"REXWLKC.WSA"
DINOC.EMC	"DINOCZ.WSA"
DINOC.EMC	"PLUGC.WSA"
DINOC.EMC	"BEADSPRK.WSA"
DINOD.EMC	"המממם. עוד סלעים, עוד פתחי אוורור... אני תוהה..."
DINOD.EMC	"המממם. פתח אוורור."
DINOD.EMC	"הוא מחובר."
DINOD.EMC	"ERUPT.WSA"
DINOD.EMC	"TRI_TUNE.WSA"
DINOD.EMC	"TRI_PUSH.WSA"
DINOD.EMC	"TRI_KICK.WSA"
DINOD.EMC	"TRI_BUMP.WSA"
DINOD.EMC	"TRI_CHAR.WSA"
DINOD.EMC	"TRI_SMSH.WSA"
DINOD.EMC	"אני בטוחה שהוא יוכל לפתוח את הדלת ההיא..."
DINOD.EMC	"... אבל אני לא יכולה לעקוף אותו!"
DINOD.EMC	"איך מכוונים את הדבר הזה?"
DINOD.EMC	"איזה מערה מעניינת."
DINOD.EMC	"המממם. נעול."
DINOD.EMC	"... לא בלי מגנט האלכימאים שלי."
DINOD.EMC	"עדיף שזה לא ייפול לתוך הלבה."
DINOD.EMC	"אדון תלת-קרן חוסם את הדרך!"
DINOD.EMC	"עוד מציוד המעבדה שלי?"
DINOD.EMC	"BUBBLER.WSA"
DINOD.EMC	"DINOD.WSA"
DINOD.EMC	"TRI_CHEW.WSA"
DINOD.EMC	"TRI_GRAZ.WSA"
DINOD.EMC	"TRI_MNCH.WSA"
DINOD.EMC	"PLUGD.WSA"
DINOD.EMC	"REXWLKD.WSA"
DOCK.EMC	"אני עלולה להזדקק לזה."
DOCK.EMC	"סירה מקסימה."
DOCK.EMC	"הסירה הזאת לא זקוקה לעוגן..."
DOCK.EMC	"היא לא תשוט לשום מקום יותר."
DOCK.EMC	"עוגן עשוי עופרת!"
DOCK.EMC	"עכשיו כל מה שאני צריכה לעשות זה להפוך אותו לזהב."
DOCK.EMC	"SCORCH"
DOCK.EMC	"אני מסרבת לקטוף פרחי בר אלא אם כן אני ממש צריכה אותם."
DOCK.EMC	"מי ביצה."
DOCK.EMC	"ביצה מוזרה."
DOCK.EMC	"DOCKGLOW.WSA"
DOCK.EMC	"BOATSINK.WSA"
DOCK.EMC	"אוי לא."
DOCK.EMC	"DOCKA.WSA"
DOCK.EMC	"DOCKB.WSA"
DOCK.EMC	"DOCKC.WSA"
DOCK.EMC	"DOCKD.WSA"
DOOR.EMC	"זה יעשה את העבודה..."
DOOR.EMC	"קרן האור הזאת חמה מכדי לעבור דרכה."
DOOR.EMC	"נראה שזה לא ממוקם נכון..."
DOOR.EMC	"בטח היד עיקמה את זה בכוונה."
DOOR.EMC	"אני לא הולכת להפוך את זה בחזרה לזהב."
DOOR.EMC	"זה נראה כמו מחזיר אור מנחושת."
DOOR.EMC	"אני מתה על פיסול של מעמד הפועלים."
DOOR.EMC	"יאו! זה לוהט!"
DOOR.EMC	"זה לא יטריד אותי יותר."
DOOR.EMC	"זה אמור להיות אב הזמן?"
DOOR.EMC	"האם ג'יירו גירלוס מסתובב כאן באיזור?"
DOOR.EMC	"האם זה אטום או כוכב לכת?"
DOOR.EMC	"CLIMB.WSA"
DOOR.EMC	"ATOM1.WSA"
DOOR.EMC	"ATOM2.WSA"
DOOR.EMC	"DORGEAR1.WSA"
DOOR.EMC	"DORGEAR2.WSA"
DOOR.EMC	"BEAM.WSA"
DOOR.EMC	"SMOKE.WSA"
DOOR.EMC	"DOOROPEN.WSA"
FALL.EMC	"FALL.WSA"
FATE.EMC	"ZANCNTRL.WSA"
FATE.EMC	"ZANHANOI.WSA"
FATE.EMC	"המממם. שמעתי שאקראיות היא הצורה הנעלה ביותר של סדר."
FATE.EMC	"FATE1.WSA"
FATE.EMC	"FATE2A.WSA"
FATE.EMC	"FATE2B.WSA"
FERRY.EMC	"ניסיון נחמד, אבל אני לא טיפש!"
FERRY.EMC	"תודה, אבל לתת לי אוכל או משקאות לא יעזור לך להשיג נסיעה חינם."
FERRY.EMC	"אני עושה עסקים רק בזהב, מותק."
FERRY.EMC	"קירנדיה זקוקה ליצרן שלטים חדש."
FERRY.EMC	"הוא קיבל את הגיגית הזאת מהויקינגים?"
FERRY.EMC	"מי ביצה."
FERRY.EMC	"סידור נהדר."
FERRY.EMC	"BREUTH.WSA"
FIGHT.EMC	"MAR1"
FIGHT.EMC	"מרקו!"
FIGHT.EMC	"אני מקווה שהוא בסדר..."
FIGHT.EMC	"מה קרה לרכבל? נראה כמו עבודה של היד."
FIGHT.EMC	"אני מניחה שאצטרך לטפס את שאר הדרך..."
FIGHT.EMC	"אאוץ'!"
FIGHT.EMC	"אוף!"
FIGHT.EMC	"את תשלמי על זה!"
FIGHT.EMC	"MIDBEG.WSA"
FIGHT.EMC	"MIDFALL.WSA"
FIGHT.EMC	"MIDFIGHT.WSA"
FISHER.EMC	"פתיון נחמד."
FISHER.EMC	"אנחנו חושבים כך."
FISHER.EMC	"שששש, את תבריחי את הדגים."
FISHER.EMC	"נסו את זה כפתיון..."
FISHER.EMC	"...זה נראה כמו תולעת."
FISHER.EMC	"לההה..."
FISHER.EMC	"אנחנו לא משתמשים בפתיון חי."
FISHER.EMC	"למען האמת, אף פעם לא ממש תפסנו כלום."
FISHER.EMC	"הנה, נסו את הגבינה הזאת כפתיון!"
FISHER.EMC	"כרגע אני מוכן לנסות כל דבר."
FISHER.EMC	"בבקשה."
FISHER.EMC	"תודה על הנשנוש."
FISHER.EMC	"לא היה לנו זמן לארוז ארוחת צהריים."
FISHER.EMC	"זה בטוח לא יעבוד כפתיון!"
FISHER.EMC	"נוף יפה."
FISHER.EMC	"שרשרת כבדה..."
FISHER.EMC	"יותר מוצלחת מהסירה."
FISHER.EMC	"הרים יפהפיים!"
FISHER.EMC	"מי ביצה."
FISHER.EMC	"ובכן, אני באמת קצת צמאה..."
FISHER.EMC	"_ZMEDUSA.EMC"
FISHER.EMC	"איייייייף! אין מצב שזה יהיה טוב לקצוות המפוצלים שלי."
FISHER.EMC	"תפסיקי! את מפחידה את הדגים."
FISHER.EMC	"יפה אמרת."
FISHER.EMC	"FISHRMEN.WSA"
FISHER.EMC	"FISHWTR.WSA"
FLOAT.EMC	"ZANFLIES.WSA"
FLYTRAP.EMC	"הגזע ריק."
FLYTRAP.EMC	"תראו מה מצאתי!"
FLYTRAP.EMC	"חבוי ומוגן."
FLYTRAP.EMC	"כבר יש שם משהו בפנים."
FLYTRAP.EMC	"FLYTRAP"
FLYTRAP.EMC	"אני יכולתי לעשות את זה."
FLYTRAP.EMC	"בבקשה, תני לי לעזור לך."
FLYTRAP.EMC	"אני לא בטוחה כמה מועיל תהיה."
FLYTRAP.EMC	"בסדר, אבל אם אי פעם תצטרכי אותי - אהיה שם."
FLYTRAP.EMC	"היי! שחררו אותו!"
FLYTRAP.EMC	"אני מניחה שהם לא אוכלים את זה."
FLYTRAP.EMC	"נראה שהם לא רעבים לזה."
FLYTRAP.EMC	"הפה הזה כבר מלא!"
FLYTRAP.EMC	"אתה נהנה, מרקו?"
FLYTRAP.EMC	"מצחיק מאוד, זאנתיה!"
FLYTRAP.EMC	"באתי לעזור לך."
FLYTRAP.EMC	"תודה, אבל לא תודה."
FLYTRAP.EMC	"בבקשה זאנתיה! תני לי לעזור לך!"
FLYTRAP.EMC	"את יודעת, תמיד אהבתי אותך."
FLYTRAP.EMC	"תודה על הנשנוש."
FLYTRAP.EMC	"לא, אבל תודה."
FLYTRAP.EMC	"למה שלא תלך לשחק עם היד שלך?"
FLYTRAP.EMC	"הוא מטייל פה בסביבה."
FLYTRAP.EMC	"נראה שהוא ממש אוהב לשוטט בביצה הזאת."
FLYTRAP.EMC	"תודה."
FLYTRAP.EMC	"לא, אבל תודה."
FLYTRAP.EMC	"היי! ספר הלחשים הישן שלי מבית הספר לקוסמות!"
FLYTRAP.EMC	"היי! מי קרע את כל הדפים!"
FLYTRAP.EMC	"קלחת הטיולים הקטנה שלי!"
FLYTRAP.EMC	"הגנב בטח החביא אותה שם..."
FLYTRAP.EMC	"קטנה מדי להכנת שיקויי פורטל, אבל עדיפה על כלום."
FLYTRAP.EMC	"מי ביצה."
FLYTRAP.EMC	"יותר מדי עשבים שוטים."
FLYTRAP.EMC	"תראו תראו."
FLYTRAP.EMC	"מרקו! מה קרה לך?"
FLYTRAP.EMC	"מה?!"
FLYTRAP.EMC	"זה ממש כיף!"
FLYTRAP.EMC	"באתי לעזור לך."
FLYTRAP.EMC	"FLYTRAPB.WSA"
FLYTRAP.EMC	"FLYTRAPS.WSA"
FLYTRAP.EMC	"MARCO.WSA"
FOOT.EMC	"SNOWMAN1.WSA"
FOOT.EMC	"בלוט."
FOOT.EMC	"זוהי כף הרגל של באל-רום..."
FOOT.EMC	"...מכשף רשע שחי לפני שנים רבות בגלקסיה רחוקה רחוקה."
FOOT.EMC	"הוא ביצע פשעים איומים בזה אחר זה..."
FOOT.EMC	"...עד שלבסוף כוחות הצדק התאחדו נגדו..."
FOOT.EMC	"...והטילו פצצת-אסטרו שפוצצה את באל-רום ואת הכוכב שלו לרסיסים."
FOOT.EMC	"אחרי מאות שנים שבהם ריחפו בחלל..."
FOOT.EMC	"...חלקיו של באל-רום החלו לנחות על האדמה."
FOOT.EMC	"בידינו אחת מכפות רגליו כאן..."
FOOT.EMC	"...ולפי דיווחים, האף שלו נחת במילטוניה."
FOOT.EMC	"בפני עצמם, החלקים האלה אינם מי יודע מה מסוכנים."
FOOT.EMC	"מה שאנחנו באמת צריכים להיזהר לגביו הוא כף ידו השמאלית."
FOOT.EMC	"האיבר המתועב הזה לבטח יפנה אל גלגלי הגורל..."
FOOT.EMC	"...בניסיון למחוק ממלכה תמימה וחפה מפשע כל שהיא..."
FOOT.EMC	"...ובמטרה לספק לבאל-רום ריק מתאים שבו יוכל להתחבר מחדש."
FOOT.EMC	"FOOT"
FOOT.EMC	"תודה על העזרה."
FOOT.EMC	"הוא די חלקלק."
FOOT.EMC	"מה זה לכל הרוחות?"
FOOT.EMC	"כף רגל פראית או מה?"
FOOT.EMC	"אוי לא."
FOOT.EMC	"תוף קסמים..."
FOOT.EMC	"תכנית מיוחדת עם פרנק קלפאקי!"
FOOT.EMC	"רק ג'ק אחד?"
FOOT.EMC	"אין עוד צעצועים."
FOOT.EMC	"ועכשיו בחזרה לקופסא."
FOOT.EMC	"זאת קופסא לצעצועים בלבד."
FOOT.EMC	"איך הקופסא הזאת קשורה לפסל?"
FOOT.EMC	"איזה תכשיט מקסים..."
FOOT.EMC	"האם זה יכול להעלים את בעיית ריח כפות הרגליים?"
FOOT.EMC	"החבר'ה האלה נראים די עסוקים."
FOOT.EMC	"אני לא חושבת שהם ירצו את זה."
FOOT.EMC	"בחיי, איזה פסל חבוט."
FOOT.EMC	"אפילו החבטות נראות מבריקות עכשיו!"
FOOT.EMC	"אני תוהה מי גוזם את אלה?"
FOOT.EMC	"כבר יש לי כדור שלג כאן על האדמה."
FOOT.EMC	"כבר יש לי כדור שלג."
FOOT.EMC	"השארתי כדור שלג על האדמה איפה שהוא."
FOOT.EMC	"כדור שלג."
FOOT.EMC	"זה בטח הארכיפלג המכושף."
FOOT.EMC	"אני תוהה מי חפר את החור הזה?"
FOOT.EMC	"FOOTRUN.WSA"
FOOT.EMC	"FOOTSLIP.WSA"
FOOT.EMC	"FOOTTALK.WSA"
GARDEN.EMC	"הצינור לא עובד."
GARDEN.EMC	"LETTRAD.WSA"
GARDEN.EMC	"וואו! זאת בטח קרקע פוריה ממש!"
GARDEN.EMC	"כבר השקיתי את הגינה."
GARDEN.EMC	"אלה קטנים מדי לקטיף."
GARDEN.EMC	"חסה."
GARDEN.EMC	"קטפתי כבר את כולם."
GARDEN.EMC	"צנון."
GARDEN.EMC	"מעניין אם הגוף הזה יתאים?"
GARDEN.EMC	"היי! תודה!"
GARDEN.EMC	"OUTFARM"
GARDEN.EMC	"אזור כפרי יפהפה."
GARDEN.EMC	"האם זה פיל או שמא דב נמלים?"
GARDEN.EMC	"הצינורות האלה עוברים בכל מקום."
GARDEN.EMC	"סביר להניח שזה ראוי לשתיה."
GARDEN.EMC	"זה עלול לשקוע ולא אראה אותו יותר לעולם."
GARDEN.EMC	"אז כאן זה נפל!"
GARDEN.EMC	"GHST2CRW.WSA"
GARDEN.EMC	"TRUNKWTR.WSA"
GARDEN.EMC	"GARDEN.WSA"
GARDEN.EMC	"GRDNCHAS.WSA"
GEARS.EMC	"MAR1"
GEARS.EMC	"DEATH1.WSA"
GEARS.EMC	"DEATH2.WSA"
GEARS.EMC	"DEATH3.WSA"
GEARS.EMC	"DEATH4.WSA"
GEARS.EMC	"DEATH5.WSA"
GEARS.EMC	"DEATH6.WSA"
GEARS.EMC	"DEATH7.WSA"
GEARS.EMC	"HIT.WSA"
GEARS.EMC	"HANDDEAD.WSA"
GEARS.EMC	"איכס! כמה מגעיל!"
GEARS.EMC	"לפחות קירנדיה בטוחה עכשיו."
GEARS.EMC	"יופי, אבל לא הייתי צריכה לעשות את כל זה מלכתחילה!"
GEARS.EMC	"שמעתי אותך אומרת 'תודה מרקו, על כל עזרתך?'"
GEARS.EMC	"תודה, מרקו, על כל עזרתך."
GEARS.EMC	"בבקשה הפסיקי, את גורמת לי להסמיק."
GEARS.EMC	"בסדר! בסדר!"
GEARS.EMC	"לא יכולתי לעשות את זה בלעדיך."
GEARS.EMC	"שמח עכשיו?"
GEARS.EMC	"קדימה מתוקה, בואי נלך הביתה..."
GEARS.EMC	"החבאתי שני מצנחי קסמים בחוץ."
GEARS.EMC	"מתוקה?!?"
GEARS.EMC	"DODGE1.WSA"
GEARS.EMC	"DODGE2.WSA"
GEARS.EMC	"GEAR_ON.WSA"
GEARS.EMC	"ARROW.WSA"
GEARS.EMC	"קירנדיה ניצלה!"
GEARS.EMC	"המקל המסכן שלי!"
GEARS.EMC	"MARCGEAR.WSA"
GEARS.EMC	"PUSH.WSA"
GEARS.EMC	"אצטרך משהו עם יותר תנופה כדי שאוכל לדחוף את זה עד הסוף."
GEARS.EMC	"המממם. ציר ריק?"
GEARS.EMC	"גלגל השיניים לא מורכב עד הסוף."
GEARS.EMC	"זאת בטח עבודה של היד!"
GEARS.EMC	"עכשיו אצטרך משהו בשביל לדחוף את גלגל השיניים חזרה על צירו."
GEARS.EMC	"אני יודעת שזה לא יעבוד על הציר."
GEARS.EMC	"אני לא יכולה לסכן את מגנט האלכימאים שלי."
GEARS.EMC	"המקל הזה לא עובד על הציר."
GEARS.EMC	"זה לא יעזור!"
GEARS.EMC	"זה לא נראה טוב."
GEARS.EMC	"אהא! זה הקטנצ'יק שגרם לכל הבלגן."
GEARS.EMC	"נראה שגלגל השיניים הזה לא מורכב עד הסוף..."
GEARS.EMC	"זה מסתובב בסדר."
GEARS.EMC	"זה מסתובב כמו שצריך."
GEARS.EMC	"אין בעיות כאן."
GEARS.EMC	"הייתי רוצה לראות את תוכנית הבניה של המקום הזה!"
GEARS.EMC	"איזה מפעל משונה!"
GEARS.EMC	"כדאי שלא אשאיר שום דבר כאן למעלה."
GEARS.EMC	"GEARS.WSA"
GEARS.EMC	"FIXED.WSA"
GEARS.EMC	"WARNING.WSA"
GNARL.EMC	"כבר יש לי אחד כזה, הוא מונח פה איפה שהוא."
GNARL.EMC	"כבר יש לי אחד כזה."
GNARL.EMC	"השארתי אחד כזה זרוק איפה שהוא."
GNARL.EMC	"פתלתל!"
GNARL.EMC	"או. אני אוהבת כאלה."
GNARL.EMC	"אני לא מצליחה לשבור אותו."
GNARL.EMC	"מוזר!"
GNARL.EMC	"אני תוהה אם השורשים גדלים ישרים?"
GNARL.EMC	"מכנסי פינקי. הפרח האהוב עליי ביותר."
GNARL.EMC	"מכנסי פינקי גדולים."
GNARL.EMC	"עוד פרחים..."
GNARL.EMC	"...שהם לא באמת פרחים."
GNARL.EMC	"מי ביצה."
GNARL.EMC	"ביצה מוזרה."
GNARL.EMC	"BRANCH.WSA"
GNARL.EMC	"GNARL.WSA"
GNARL.EMC	"FROG.WSA"
GNARL.EMC	"GNARLA.WSA"
GNARL.EMC	"GNARLB.WSA"
GNARL.EMC	"GNARLC.WSA"
HANOI.EMC	"מה? המקל הזה שוב?!"
HANOI.EMC	"בחיים לא שמעתי על מקל הליכה שמתהלך לו בעצמו."
HANOI.EMC	"אני מקווה שזה החלק הנכון."
HANOI.EMC	"המממם. נעול."
HANOI.EMC	"זה נראה כמו החבר שלי, שייקה."
HANOI.EMC	"זה נראה כמו החבר שלי, גברי."
HANOI.EMC	"זה נראה כמו החבר שלי, פולי."
HANOI.EMC	"זה ממש לא נראה כמו חדר המכונות."
HANOI.EMC	"HANOI_1.WSA"
HANOI.EMC	"HANOI_2.WSA"
HANOI.EMC	"HANOI_3.WSA"
HANOI.EMC	"H_GEARS1.WSA"
HANOI.EMC	"H_GEARS2.WSA"
HANOI.EMC	"EYEOPEN.WSA"
HANOI.EMC	"MOUTH.WSA"
HOLE.EMC	"נראה טעים."
HOLE.EMC	"XXXX"
HOLE.EMC	"היי זאנתיה!"
HOLE.EMC	"היי זאנתיה, חכי שתראי את תרגיל החבל החדש שלי."
HOLE.EMC	"אני מתחיל להיות קוסם לא רע בכלל."
HOLE.EMC	"אני בטוחה שהילדים במסיבת יום ההולדת הבאה שלך ממש יתרשמו."
HOLE.EMC	"הו זאנתיה, את סתם מקנאה בגלל שיש לי שוליה חדשה ונאמנה."
HOLE.EMC	"יופי, מרקו, זה ממש אחלה."
HOLE.EMC	"איפה היד שלך בכלל?"
HOLE.EMC	"הו, איפה שהוא בסביבה."
HOLE.EMC	"טיולים בביצה אהובים על היד במיוחד."
HOLE.EMC	"הנה!"
HOLE.EMC	"שלום יד."
HOLE.EMC	"יצאת לטיול כיפי?"
HOLE.EMC	"הייתי שמחה להישאר ולפטפט..."
HOLE.EMC	"...אבל מישהו גנב את הציוד שלי."
HOLE.EMC	"אני חייבת ללכת למרכז העולם..."
HOLE.EMC	"...ולהשיג אחת מאבני העוגן ההן."
HOLE.EMC	"מה? מי יעשה דבר כזה?"
HOLE.EMC	"לא יודעת ולא אכפת לי, אבל אני עסוקה מכדי לעמוד כאן ולא לעשות כלום!"
HOLE.EMC	"MAR2"
HOLE.EMC	"FLYTRAP"
HOLE.EMC	"אנחנו יכולים לעזור?"
HOLE.EMC	"יש לכם זהב?"
HOLE.EMC	"לא. מצטער."
HOLE.EMC	"בבקשה, הרשי לנו לעזור לך."
HOLE.EMC	"אעשה זאת בעצמי, אבל תודה לך."
HOLE.EMC	"ביצה מוזרה."
HOLE.EMC	"HOLEGLOW.WSA"
HOLE.EMC	"פרחים."
HOLE.EMC	"מי ביצה."
HOLE.EMC	" צרה צרורה ומוזרה!"
HOLE.EMC	"קירנדיה נעלמת ממש לנגד עיניי!"
HOLE.EMC	"HOLEA.WSA"
HOLE.EMC	"HOLEB.WSA"
HOLE.EMC	"HOLEC.WSA"
HOLE.EMC	"MARCHOLE.WSA"
HOLE.EMC	"HANDHOLE.WSA"
INCAVE.EMC	"SNO1"
INCAVE.EMC	"ימטק'ו למס א רלמוומקאל!"
INCAVE.EMC	"בשפה שלנו, קודם כל התנועות."
INCAVE.EMC	"ואקג'פלק!"
INCAVE.EMC	"SNO2"
INCAVE.EMC	"המממם. הטיפוס החזק והשקט."
INCAVE.EMC	"המממם. אולי אוכל להשתמש בזה בתור יתד."
INCAVE.EMC	"חבל שאני לא יכולה להגיע לשם."
INCAVE.EMC	"אז ככה הוא נהיה כל כך גדול?"
INCAVE.EMC	"אני ממש לא בעניין של דיסקו."
INCAVE.EMC	"שכה יהיה לי טוב."
INCAVE.EMC	"רק שלא אתקל במישהו שאני מכירה."
INCAVE.EMC	"בטח הזמין את זה בדואר."
INCAVE.EMC	"או, זה יכול להיות שימושי!"
INCAVE.EMC	"זה אמן פיתוי מוכן לפעולה!"
INCAVE.EMC	"חבל שהוא לא משתמש באמבט הזה בעצמו מדי פעם."
INCAVE.EMC	"""לשתות לפני יום שלישי."""
INCAVE.EMC	"המממם. זה לא נראה טוב."
INCAVE.EMC	"INBALL.WSA"
INCAVE.EMC	"INCANDLE.WSA"
INCAVE.EMC	"INSPHERE.WSA"
INCAVE.EMC	"INLOVE.WSA"
INGATE.EMC	"אייייו! אני לא בטוחה שאני רוצה לשתות מים שנשפכים מסוס מת!"
INGATE.EMC	"וואו..."
INGATE.EMC	"אילו דברים יפהפיים עושים היום עם אבני נציץ!"
INGATE.EMC	"מישהו חייב לנקות את החלונות האלה."
INGATE.EMC	"איפה ברנדון כשצריכים אותו?"
INGATE.EMC	"האם זה פותח את החלונות שלהם?"
INGATE.EMC	"חייבת להיות בעיית סחיפה עצומה באזור הזה."
INGATE.EMC	"אני מקפידה לא לשתות מים שדברים צפים בתוכם."
INGATE.EMC	"עכשיו המים נראים בטוחים לחלוטין."
INGATE.EMC	"הו עכשיו זה נראה בטיחותי."
INGATE.EMC	"אני לא מרטיבה את זה."
INGATE.EMC	"אני לא בטוחה שאני רוצה שהמים שלי יזרמו דרך גוויה ,של סוס מת."
INGATE.EMC	"היי, שוב המקל הזה."
INGATE.EMC	"אין קוד לבניין, אני מניחה."
INGATE.EMC	"השער נעול."
INGATE.EMC	"סוף סוף."
INGATE.EMC	"כדאי שאתקשר זריז לפאון לבדוק מה קורה."
INGATE.EMC	"פאון. פאון."
INGATE.EMC	"ענה לי פאון."
INGATE.EMC	"DOORHAND.WSA"
INGATE.EMC	"FOUNTN.WSA"
INHERB.EMC	"אפשר לקחת את הבקבוק הזה?"
INHERB.EMC	"בטח. יש בקבוקים זרוקים בכל מקום במדינה הזאת."
INHERB.EMC	"קדימה, קחי אותו."
INHERB.EMC	"כן, כן, קחי אותו."
INHERB.EMC	"תודה, זאנתיה."
INHERB.EMC	"אני לא יכול לסבול לאכול זבובים, האמת."
INHERB.EMC	"יש לי פה כבר מספיק גרוטאות."
INHERB.EMC	"אני לא מאמינה שהוא באמת הלך וקנה שק של דשן."
INHERB.EMC	"שרפרף קטן."
INHERB.EMC	"הוא היה שייך לחבר שלנו..."
INHERB.EMC	"...לפני שהוא התקרקר."
INHERB.EMC	"היי, זה הריהוט החדש שלנו!"
INHERB.EMC	"איזה בלגן!"
INHERB.EMC	"מה זה כל זה?"
INHERB.EMC	"שוב שלום."
INHERB.EMC	"זה שקע."
INHERB.EMC	"כבר יש שם משהו."
INHERB.EMC	"פיכס."
INHERB.EMC	"את לא פוחדת מיבלות?"
INHERB.EMC	"למען האמת, אנחנו צפרדעים, אבל הרב הוא האפוטרופוס שלנו."
INHERB.EMC	"-גרעפץ-"
INHERB.EMC	"לא תודה לך."
INHERB.EMC	"את לא הידידה של פאון?"
INHERB.EMC	"-קווהההההה-"
INHERB.EMC	"עשבים יבשים."
INHERB.EMC	"-רחרוח-"
INHERB.EMC	"זה בטח דשן."
INHERB.EMC	"אל תקחי את נר היתושים שלי."
INHERB.EMC	"זה מחמם."
INHERB.EMC	"אני לא רוצה לשרוף את זה!"
INHERB.EMC	"אף אחד לא גנב את הדברים *שלו*!"
INHERB.EMC	"לא יכולה להאשים אותם."
INHERB.EMC	"אף אחד לא גנב משהו מהדברים שלו..."
INHERB.EMC	"בקושי יש כאן מקום להניח משהו."
INHERB.EMC	"HERBMAN.WSA"
INHERB.EMC	"FROG_1.WSA"
INHERB.EMC	"FROG_2.WSA"
INHERB.EMC	"CANDLE.WSA"
INHERB.EMC	"HRBJAR.WSA"
INHERB.EMC	"INDOOR.WSA"
INHOME.EMC	"_ZFIT.EMC"
INHOME.EMC	"כדאי שאחליף בגדים לפני שאצא."
INHOME.EMC	"_ZSNAPUP.EMC"
INHOME.EMC	"_ZSNAPDN.EMC"
INHOME.EMC	"איכ! זה לא יעבוד!"
INHOME.EMC	"הרבה יותר טוב!"
INHOME.EMC	"יאם! זה היה מצויין!"
INHOME.EMC	"ברגע שתלכי, אני הולך לערוך כאן מסיבה."
INHOME.EMC	"לא תודה."
INHOME.EMC	"יש לי מלא כאלה."
INHOME.EMC	"הגחלים עודן לוהטות!"
INHOME.EMC	"עכשיו המים טובים וחמים!"
INHOME.EMC	"אני לא רוצה לשרוף את זה!"
INHOME.EMC	"הגחלים הצטננו."
INHOME.EMC	"לפחות את זה לא גנבו."
INHOME.EMC	"דוחה יתושים."
INHOME.EMC	"חבל שזה לא מרבד קסמים."
INHOME.EMC	"לא הגיוני!"
INHOME.EMC	"מדוע שמישהו יעשה את זה?"
INHOME.EMC	"כל כלי הזכוכית שלי!"
INHOME.EMC	"מי יכול לכעוס עליי?"
INHOME.EMC	"_ZBPICK.EMC"
INHOME.EMC	"אהא. אני עדיין יכולה להשתמש בזה!"
INHOME.EMC	"אין מתחת לזה עוד כלום."
INHOME.EMC	"מי היה יכול לעשות את זה?"
INHOME.EMC	"למה שמישהו ישבור את קישוטי חג המולד שלי?"
INHOME.EMC	"נראה ששבע שנות המזל הרע שלי כבר התחילו."
INHOME.EMC	"לפחות לחפצים שלי הם הניחו לנפשם!"
INHOME.EMC	"הגנב לא התעסק עם הדברים *שלך*!"
INHOME.EMC	"אני צריכה עוזרת."
INHOME.EMC	"מדוע שמישהו ירצה לגנוב את הציוד שלי?"
INHOME.EMC	"לפחות מצאתי את הקדירה שלי ואת ספר הלחשים."
INHOME.EMC	"לפחות מצאתי את הקדירה שלי."
INHOME.EMC	"לפחות מצאתי את ספר הלחשים שלי."
INHOME.EMC	"אני אפילו לא יכולה להכין שיקויים..."
INHOME.EMC	"...בלי קדירה וספר לחשים!"
INHOME.EMC	"עוד לא הלכת?"
INHOME.EMC	"INHOME"
INHOME.EMC	"FAUN.WSA"
INHOME.EMC	"FAUNMOCK.WSA"
INHOME.EMC	"FAUNGLSS.WSA"
INHOME.EMC	"FAUNSWNG.WSA"
INHOME.EMC	"FAUNPEEK.WSA"
INHOME.EMC	"COALS.WSA"
INJAIL.EMC	"INJAIL2.WSA"
INJAIL.EMC	"אוי, יופי טופי!"
INJAIL.EMC	"INJAIL1.WSA"
INJAIL.EMC	"המממם. האסטרטגיה הזאת לא היתה ממש מוצלחת."
INJAIL.EMC	"מה נעשה עכשיו?"
INJAIL.EMC	"את יודעת, תמיד אהבתי אותך."
INJAIL.EMC	"כל מה שאני צריכה כרגע זה לצאת מכאן."
INJAIL.EMC	"אני לא רוצה לראות את המנעול הזה יותר."
INJAIL.EMC	"מוכרחה להיות דרך כלשהיא לפתוח את זה."
INJAIL.EMC	"תודה."
INJAIL.EMC	"עזרתי לך?"
INJAIL.EMC	"כמו תמיד..."
INJAIL.EMC	"אני הולך לחפש את היד שלי."
INJAIL.EMC	"אחזור כדי לעזור לך."
INJAIL.EMC	"המממם. מפתח."
INJAIL.EMC	"אני לא יכולה אפילו להגיע לשם עם המקל."
INJAIL.EMC	"אני די בטוחה שאצליח להשיג את המפתח..."
INJAIL.EMC	"תודה רבה על הרעיון."
INJAIL.EMC	"INJAIL3.WSA"
INJAIL.EMC	"הנה, השתמש בוו הזה."
INJAIL.EMC	"JAILBRK.WSA"
INJAIL.EMC	"זה יותר טוב."
INJAIL.EMC	"INJAIL4.WSA"
INJAIL.EMC	"מגורים נחמדים..."
INJAIL.EMC	"עבודה של חאפרים..."
INJAIL.EMC	"החוטים יוצאים החוצה..."
INJAIL.EMC	"אני תוהה..."
INJAIL.EMC	"איזה נוף מקסים."
INJAIL.EMC	"איזה נוף מקסים..."
INJAIL.EMC	"חבל שאני תקועה כאן בפנים."
INJAIL.EMC	"לא בא לי לדוג עכשיו."
INJAIL.EMC	"אנסה לתפוס את הדג ההוא..."
INJAIL.EMC	"אני לא במצב רוח לדיג."
INJAIL.EMC	"המנעול הזה לא יכול להחזיק כלום."
INJAIL.EMC	"לעולם לא שוב."
INJAIL.EMC	"מנעול חזק."
INJAIL.EMC	"אפשר לשמוע את גלי הים."
INJAIL.EMC	"""מכריזים בזאת על תחרות היופי השנתית 'מיס קירנדיה'"""
INJAIL.EMC	"אני מעדיפה את תחרות היופי השנתית 'מר קירנדיה'."
INJAIL.EMC	"המממם. כוכב ים מבויית."
INJAIL.EMC	"משהו."
INJAIL.EMC	"חומרי בניה משונים."
INJAIL.EMC	"קישוט נחמד."
INJAIL.EMC	"MARCJAIL.WSA"
INJAIL.EMC	"MARCOUT.WSA"
INSHOP.EMC	"אני לא זקוקה לעוד כאלה."
INSHOP.EMC	"מה זה בכלל?"
INSHOP.EMC	"בבקשה, אף פעם אל תלבישו עלי תחפושת פרוותית."
INSHOP.EMC	"אנחנו לא צריכים שום עזרה ממך."
INSHOP.EMC	"אני הולכת להתפלץ מפחד אם איש שלג נוראי ייצא מהמערה הזאת!"
INSHOP.EMC	"היי, זה הציוד שלנו."
INSHOP.EMC	"אני בזה למפחלצים מאצ'ואיסטים."
INSHOP.EMC	"האם זה מוס-קרן?"
INSHOP.EMC	"מתי המציאו את זה?"
INSHOP.EMC	"למה שמישהו יצטרך סירה כאן למעלה?"
INSHOP.EMC	"הלוואי שזה היה מחובר."
INSHOP.EMC	"זה מלא בקופים?"
INSHOP.EMC	"דב מסכן. הייתי רוצה לפחלץ את האפסים האלה."
INSHOP.EMC	"נראה כמו מכשיר נגד-צוללות."
INSHOP.EMC	"הייתי רוצה לראות פרה בועטת ומעיפה את זה."
INSHOP.EMC	"יו איך בא לי פנקייק עכשיו!"
INSHOP.EMC	"אולי זה יהיה יותר משכנע אם הם לא יראו אותי שותה את זה."
INSHOP.EMC	" "
INSHOP.EMC	"INLNTRN.WSA"
INSHOP.EMC	"INSHPFAT.WSA"
INSHOP.EMC	"INSHPTAL.WSA"
INSHOP.EMC	"INSCARE.WSA"
INSHOP.EMC	"INSHPZY.WSA"
INSTORE.EMC	"היי, הבחור הזה זומבי."
INSTORE.EMC	"איזה שוקיסט."
INSTORE.EMC	"המממם. זה לא היה חזק מספיק."
INSTORE.EMC	"""---ואז אמרתי, אתה יכול לקחת את החרדל שלך ו..."""
INSTORE.EMC	"היי! לאן כולם נעלמו?"
INSTORE.EMC	"כמה עולה כרטיס לסירה שלך?"
INSTORE.EMC	"אנו מבקשים שלושה מטבעות זהב עבור כרטיס הפלגה בספינה שלנו."
INSTORE.EMC	"שלושה מטבעות זהב!"
INSTORE.EMC	"זה יקר בטירוף!"
INSTORE.EMC	"זה לא עשה כלום!"
INSTORE.EMC	"איבדתי את השובר שלי ואני צריכה עוד אחד."
INSTORE.EMC	"זה לא מפתיע אותי."
INSTORE.EMC	"אני לא יכול לקבל ציוד שיניים משומש."
INSTORE.EMC	"כן בטח, את והתמנון המטופש ההוא."
INSTORE.EMC	"אני שונאת חרדל, באמת."
INSTORE.EMC	"תצטרכי עוד שני מטבעות זהב."
INSTORE.EMC	"תצטרכי עוד מטבע זהב אחד."
INSTORE.EMC	"זהו. הנה השובר שלך."
INSTORE.EMC	"מצטער..."
INSTORE.EMC	"את יכולה לקנות שובר במטבעות זהב בלבד."
INSTORE.EMC	"מה לא בסדר עם המפה שלך?"
INSTORE.EMC	"זאת געשיה, אידיוטית."
INSTORE.EMC	"זה אי החרדל שם?"
INSTORE.EMC	"זאת לא קטשופלנד."
INSTORE.EMC	"זאת בטח ירחרם."
INSTORE.EMC	"את בטח היית חרשנית בבית הספר."
INSTORE.EMC	"למה אין זגוגית בחלון הזה?"
INSTORE.EMC	"וגם בחלון הזה."
INSTORE.EMC	"באף אחד מהחלונות האלה אין זגוגיות."
INSTORE.EMC	"נראה שהעסק פורח."
INSTORE.EMC	"שיטת תיוק מוזרה."
INSTORE.EMC	"מי צריך עשר חביות של חרדל?"
INSTORE.EMC	"כל ההזמנות עבור הרב הקרפד ישולמו בזמן המסירה."
INSTORE.EMC	"לא אמורים לשמור את אלה בקירור?"
INSTORE.EMC	"יותר גדול משלי."
INSTORE.EMC	"איפה כל החרדל?"
INSTORE.EMC	"MAPCHAT.WSA"
INSTORE.EMC	"VOLCOMAP.WSA"
ISLE.EMC	"סכנה - אוכלי אדם!"
ISLE.EMC	"מישהו כאן מממממש אוהב תבלינים."
ISLE.EMC	"אפצ'י!"
ISLE.EMC	"לכל הרוחות בונז, אני אלכימאית, לא ארכיאולוגית!"
ISLE.EMC	"כבר יש לו קיסם שיניים."
ISLE.EMC	"פששש איזה תיאבון בריא."
ISLE.EMC	"זה התאום המרושע של קון-טיקי?"
ISLE.EMC	"חרדל בכל מקום!"
ISLE.EMC	"אף אחד לא אוהב רוטב?"
ISLE.EMC	"עוד חרדל."
ISLE.EMC	"ג'ונגל מוזר."
ISLE.EMC	"אני לא עוזבת בלי מגנט האלכימאים שלי."
ISLE.EMC	"אני לא עוזבת בלי השובר שלי."
ISLE.EMC	"אנו יוצאים להפלגה לעבר ירחרם!"
ISLE.EMC	"IDOL.WSA"
ISLE.EMC	"ISLEDOC.WSA"
JUNGLE.EMC	"יאמי."
JUNGLE.EMC	"את להיות מתאבן טוב."
JUNGLE.EMC	"זהירות מרמאים בגעשיה."
JUNGLE.EMC	"צ'יף לא רעב אוכל כזה."
JUNGLE.EMC	"אנחנו רוצים אוכל נזיד מיסטיקנית."
JUNGLE.EMC	"ג'ונגל מוזר."
JUNGLE.EMC	"CANBCOOK.WSA"
JUNGLE.EMC	"CANBKING.WSA"
JUNGLE.EMC	"CANBWATR.WSA"
JUNGLE.EMC	"JUNGLPOT.WSA"
JUNGLE.EMC	"ZANTIED.WSA"
MARKHME.EMC	"אני מאוד מאוכזב ממך!"
MARKHME.EMC	"הנה מה שמצאתי בחדר שלך!"
MARKHME.EMC	"זה הבוחשן של זאנתיה."
MARKHME.EMC	"אם תמצא עוד מהציוד הגנוב של זאנתיה..."
MARKHME.EMC	"...החזר לה אותו תיכף ומייד!"
MARKHME.EMC	"OUTFARM"
MARKHME.EMC	"MARKMNW.WSA"
MARKHME.EMC	"MARKMNWB.WSA"
MARKHME.EMC	"MARKMNWH.WSA"
MARKHME.EMC	"MARKMNWR.WSA"
MEADOW.EMC	"בחיי, איזו חיטה מקסימה."
MEADOW.EMC	"אף פעם לא חשבתי על עצמי כקוצרת."
MEADOW.EMC	"החיטה הזאת נראית בריאה."
MEADOW.EMC	"החיטה ההיא נראית בריאה."
MEADOW.EMC	"יש כאן משהו?"
MEADOW.EMC	"_ZHAYBAL.EMC"
MEADOW.EMC	"ספר הלחשים הישן שלי מבית הספר לקוסמות!"
MEADOW.EMC	"היי! מי קרע את כל הדפים?"
MEADOW.EMC	"אני לא יכולה למצוא כאן כלום."
MEADOW.EMC	"עכשיו כולי מעקצצת."
MEADOW.EMC	"אין פה אפילו מחט."
MEADOW.EMC	"אין כאן יותר שום דבר."
MEADOW.EMC	"המממם. אחד מהבקבוקים שלי."
MEADOW.EMC	"המראה החדש מוצא חן בעיניי."
MEADOW.EMC	"אולי אגלח אותו כך שייראה כמו עז."
MEADOW.EMC	"איזה יופי של צמר."
MEADOW.EMC	"נראה לי שגזזתי כבר מספיק."
MEADOW.EMC	"כבר יש לי צמר."
MEADOW.EMC	"השארתי כאן צמר איפה שהוא."
MEADOW.EMC	"אופס."
MEADOW.EMC	"מי אמר שלחלוב כבשים זה קשה?"
MEADOW.EMC	"נראה לי שבקבוק יעבוד יותר טוב לצורך העניין."
MEADOW.EMC	"מה יש לכבשה לעשות עם זה?"
MEADOW.EMC	"למען האמת, אני ממש נהנית להפחיד אנשים."
MEADOW.EMC	"_ZGHOST1.EMC"
MEADOW.EMC	"_ZGHOST2.EMC"
MEADOW.EMC	"לא, תודה לך."
MEADOW.EMC	"LETTER.WSA"
MEADOW.EMC	"איייייייייייייייייי!"
MEADOW.EMC	"HAYBAIL.WSA"
MEADOW.EMC	"_ZSNAPDN.EMC"
MEADOW.EMC	"הרבה יותר טוב!"
MEADOW.EMC	"היי, הכל נפל החוצה מהתרמיל שלי."
MEADOW.EMC	"קירנדיה היפהפיה."
MEADOW.EMC	"לא ידעתי שחקלאות יכולה להיות מסוכנת כל כך."
MEADOW.EMC	"אני לא הולכת להתקרב לדבר הזה בחיים."
MEADOW.EMC	"זאת סטונהנג'?"
MEADOW.EMC	"זוהי בטח אמת המים מערפילי בוקר המפורסמת."
MEADOW.EMC	"MEADOW"
MEADOW.EMC	"היי! מה אתה?"
MEADOW.EMC	"מה נראה לך?"
MEADOW.EMC	"אני רוח רפאים!"
MEADOW.EMC	"GHOST.WSA"
MEADOW.EMC	"SHEEPA.WSA"
MEADOW.EMC	"SHEEPAA.WSA"
MEADOW.EMC	"SHEEPB.WSA"
MEADOW.EMC	"SHEEPBB.WSA"
MEADOW.EMC	"SHEEPC.WSA"
MEADOW.EMC	"SHEEPCC.WSA"
MEADOW.EMC	"WHEATRUN.WSA"
MYSTRM.EMC	"למיטב זכרוני..."
MYSTRM.EMC	"זהו אחד המצרכים להכנת שיקוי אינדיגו."
MYSTRM.EMC	"מדף ריק..."
MYSTRM.EMC	"אני לא חושבת שזה המקום המתאים."
MYSTRM.EMC	"יש שם כבר משהו."
MYSTRM.EMC	"בחיי, איזה אור זוהר!"
MYSTRM.EMC	"אני לא יכולה לדעת איזה נוזל צבעוני היה בכדור הזה."
MYSTRM.EMC	"יש נוזל אדום בתוך הכדור הזה."
MYSTRM.EMC	"יש נוזל כתום בתוך הכדור הזה."
MYSTRM.EMC	"יש נוזל צהוב בתוך הכדור הזה."
MYSTRM.EMC	"יש נוזל ירוק בתוך הכדור הזה."
MYSTRM.EMC	"יש נוזל כחול בתוך הכדור הזה."
MYSTRM.EMC	"יש נוזל אינדיגו בתוך הכדור הזה."
MYSTRM.EMC	"יש נוזל סגול בתוך הכדור הזה."
MYSTRM.EMC	"זה ריק."
MYSTRM.EMC	"המממם... אני לא מצליחה לרוקן את הכדור."
MYSTRM.EMC	"זה היה כיף."
MYSTRM.EMC	"אני מניחה שהחוק על השלט לא נאכף באדיקות."
MYSTRM.EMC	"היי! מה קרה למכונת הקשת?"
MYSTRM.EMC	"""אסור להוציא שום דבר מהחדר הזה!"""
MYSTRM.EMC	"""אסור להניח שום דבר על הרצפה!"""
MYSTRM.EMC	"""אסור לארגן מחדש את המדפים!"""
MYSTRM.EMC	"""בשום אופן, לעולם, אסור להעיף קונפטי!"""
MYSTRM.EMC	"איכות בניה מצ'וקמקת ביותר בשביל מבנה כל כך חשוב!"
MYSTRM.EMC	"המממם. אז איך אוכל לטפס למעלה?"
MYSTRM.EMC	"העשב הזה הוא מכונת הקשת המפורסמת?"
MYSTRM.EMC	"פח אשפה ללא תחתית."
MYSTRM.EMC	"אני לא רוצה לזרוק את מגנט האלכימאים שלי."
MYSTRM.EMC	"אני מניחה שאני לא צריכה את זה יותר."
MYSTRM.EMC	"כדאי שאזהר לא להפיל משהו דרך החור הזה."
MYSTRM.EMC	"המממם. נראה שאני לא יכולה להניח כלום על הרצפה."
MYSTRM.EMC	"ברכותיי!"
MYSTRM.EMC	"מצאת את השיקוי הסודי!"
MYSTRM.EMC	"המקלדת שלך הפכה עכשיו לצעצוע מוזיקלי קסום..."
MYSTRM.EMC	"...יאללה בלגן!"
MYSTRM.EMC	"מוכנה להתערב שזה יהיה מעולה לשיקוי אינדיגו."
MYSTRM.EMC	"""משחק ילדים פחוט..."""
MYSTRM.EMC	"אני לא ממש צמאה."
MYSTRM.EMC	"במיוחד לזה."
MYSTRM.EMC	"אני לא במצב רוח לעשות ניסויים בבני אדם על עצמי כרגע."
MYSTRM.EMC	"נראה לי שאכלתי מספיק ממתקים לבינתיים."
MYSTRM.EMC	"פיסת בד אדום."
MYSTRM.EMC	"""ברצוננו למסור דרישת שלום חמה ל..."""
MYSTRM.EMC	"...מריה דל מר..."
MYSTRM.EMC	"...שנון גיפסון..."
MYSTRM.EMC	"...לינדה ווסקום..."
MYSTRM.EMC	"...תמי אוקהרה..."
MYSTRM.EMC	"...פטריק סטוארט..."
MYSTRM.EMC	"...סת' מנדלסון ואריק יאו..."
MYSTRM.EMC	"...טי וג'ודי קון..."
MYSTRM.EMC	"..לילה מן..."
MYSTRM.EMC	"...טד הוירטואלי..."
MYSTRM.EMC	"...מ.ס. קראמר..."
MYSTRM.EMC	"...גברת פקפוק ואי סדר..."
MYSTRM.EMC	"...T.H.E.R.D כנופיית בסיס..."
MYSTRM.EMC	"...חלודה בגינה..."
MYSTRM.EMC	"...מלקולם הליצן..."
MYSTRM.EMC	"...וסקוטיה."
MYSTRM.EMC	"RAINBO.WSA"
MYSTRM.EMC	"FETTI.WSA"
NEST.EMC	"מציצנים!"
NEST.EMC	"על מה אתם מסתכלים?"
NEST.EMC	"אל תסתכלו עליי ככה."
NEST.EMC	"עוד כמה כאלה ואוכל לעוף מעבר לנהר."
NEST.EMC	"לא ייאמן שהם מכינים מרק מהדברים האלה."
NEST.EMC	"ביצה מוזרה."
NEST.EMC	"NESTGLOW.WSA"
NEST.EMC	"מי ביצה."
NEST.EMC	"הכל נעלם!"
NEST.EMC	"כדאי שאזדרז!"
NEST.EMC	"LITLEYE1.WSA"
NEST.EMC	"LITLEYE2.WSA"
NEST.EMC	"LITLEYE3.WSA"
NEST.EMC	"NESTA.WSA"
NEST.EMC	"NESTC.WSA"
NEST.EMC	"NESTD.WSA"
ONBOAT.EMC	"הכד ריק."
ONBOAT.EMC	"תראו מה מצאתי!"
ONBOAT.EMC	"פקעת החבלים ריקה."
ONBOAT.EMC	"אני לא משאירה את מגנט האלכימאים שלי שם!"
ONBOAT.EMC	"חבוי ומוגן."
ONBOAT.EMC	"אל תתעסקי עם המצפן שלנו, גברת!"
ONBOAT.EMC	"כבר יש בפנים משהו."
ONBOAT.EMC	"תודה לאל על הטייס האוטומטי!"
ONBOAT.EMC	"אין שום בעיה. אנחנו רחוקים עשרות מילין מהאי המקולל ההוא."
ONBOAT.EMC	"VCIR1.WSA"
ONBOAT.EMC	"VCIR.COL"
ONBOAT.EMC	"BOAT.COL"
ONBOAT.EMC	"ONWATER.WSA"
ONBOAT.EMC	"הצד הלא נכון שוב, קפטן."
ONBOAT.EMC	"VCIR.WSA"
ONBOAT.EMC	"היי! רק רגע!"
ONBOAT.EMC	"געשיה!"
ONBOAT.EMC	"איזה זה קרה?!"
ONBOAT.EMC	"נראה שסטינו מהמסלול."
ONBOAT.EMC	"המדים האלה ממש מביכים."
ONBOAT.EMC	"לא, תודה לך."
ONBOAT.EMC	"איפה השיכר שלנו?"
ONBOAT.EMC	"לא תודה לך, גבירתי."
ONBOAT.EMC	"לא תודה, אני עסוק במשמרת."
ONBOAT.EMC	"ספינה מוזרה."
ONBOAT.EMC	"אני לא משאירה את מגנט האלכימאים שלי בגיגית הזאת!"
ONBOAT.EMC	"אני לא משאירה את השובר שלי כאן."
ONBOAT.EMC	"SALRDANZ.WSA"
ONBOAT.EMC	"SHPWHEEL.WSA"
ONBOAT.EMC	"SALRKNOT.WSA"
ONBOAT.EMC	"CAPTAIN.WSA"
ONBOAT.EMC	"SHIPCMPA.WSA"
OUTCAVE.EMC	"OUTCATCH.WSA"
OUTCAVE.EMC	"SNO3"
OUTCAVE.EMC	"למ. למ. ימט ימטגו באגג אלו נתס אל ויו מטס!"
OUTCAVE.EMC	"OUTCLIMB.WSA"
OUTCAVE.EMC	"נראה שחסר לי משהו."
OUTCAVE.EMC	"הנה באים הציידים האמיצים."
OUTCAVE.EMC	"הם נראים נחושים בדעתם."
OUTCAVE.EMC	"אוי לא, אני לא בטוחה שהגשר יחזיק את משקלם."
OUTCAVE.EMC	"הם באים לכאן."
OUTCAVE.EMC	"זהירות, לא להתקרב יותר מדי לקצה."
OUTCAVE.EMC	"ממש התרשמתי."
OUTCAVE.EMC	"HUNT2YET.WSA"
OUTCAVE.EMC	"OUTDOUBL.WSA"
OUTCAVE.EMC	"OUTGOWAY.WSA"
OUTCAVE.EMC	"SNO4"
OUTCAVE.EMC	"ימט יגקפה ופסד פיפיג'ור!"
OUTCAVE.EMC	"אני לא רוצה להפריע לך..."
OUTCAVE.EMC	"אבל אני זקוקה לשני נטיפי קרח."
OUTCAVE.EMC	"הוא קצת הפכפך, מה?"
OUTCAVE.EMC	"HUN3"
OUTCAVE.EMC	"HUN4"
OUTCAVE.EMC	"אני מנסה לעלות, לא לרדת."
OUTCAVE.EMC	"הם אפילו לא השאילו לי חבל."
OUTCAVE.EMC	"למה שאתן להם את זה?"
OUTCAVE.EMC	"אנחנו לא צריכים שום עזרה ממך."
OUTCAVE.EMC	"לא הצעתי בכלל עזרה!"
OUTCAVE.EMC	"בבקשה, אף פעם אל תשימו אותי בתחפושת פרוותית."
OUTCAVE.EMC	"אני הולכת להתפלץ מפחד אם איש שלג נוראי ייצא מהמערה הזאת!"
OUTCAVE.EMC	"נטיף הקרח הזה מחוץ להישג ידי."
OUTCAVE.EMC	"הענף הזה לא יוכל להחזיק את משקלו של פאון."
OUTCAVE.EMC	"נראה לי שעדיף לא לעמוד בדרכם."
OUTCAVE.EMC	"אם אנסה זאת עכשיו, מר רומנטי פשוט יבוא ויעצור אותי שוב."
OUTCAVE.EMC	"הצוק הזה חלקלק מדי לטיפוס."
OUTCAVE.EMC	"כדאי שאמתין לראות מה החבר'ה האלה זוממים."
OUTCAVE.EMC	"OUTHUNT.WSA"
OUTCAVE.EMC	"OUTTALK.WSA"
OUTFARM.EMC	"אני לא נכנסת לשם בלי מגנט האלכימאים שלי."
OUTFARM.EMC	"אהא. ועכשיו לחקור."
OUTFARM.EMC	"לא להיכנס למרתף שלי."
OUTFARM.EMC	"איזה יופי של חומץ."
OUTFARM.EMC	"אני לא עוזבת עד שהדחליל ההוא ירוץ דרכי. הא!"
OUTFARM.EMC	"אתה האיכר גרינברי?"
OUTFARM.EMC	"זה אני."
OUTFARM.EMC	"תודה על המכתב."
OUTFARM.EMC	"אתה לא מלך החרדל?"
OUTFARM.EMC	"ממש אשמח לקבל את המתכון הסודי שלך."
OUTFARM.EMC	"המתכון של גרינברי הוא:"
OUTFARM.EMC	"לערבב צנון עם חומץ."
OUTFARM.EMC	"המתכון עובר במשפחתי כבר דורי דורות."
OUTFARM.EMC	"סליחה."
OUTFARM.EMC	"דמעות דרקון."
OUTFARM.EMC	"כשהוא יגדל הוא יהיה עצום..."
OUTFARM.EMC	"תראו את גודל כפות הרגליים שלו."
OUTFARM.EMC	"הוא רק גורגורון."
OUTFARM.EMC	"אחזיר את זה..."
OUTFARM.EMC	"הוא אוכל רק חתולים."
OUTFARM.EMC	"SCRW"
OUTFARM.EMC	"תראו אותי! אני חופשייייייייי!"
OUTFARM.EMC	"חזור מיד לעבודה!"
OUTFARM.EMC	"לא השלמת את חובותיך לפי החוזה!"
OUTFARM.EMC	"אין מצב, שמנתון!"
OUTFARM.EMC	"אני לא עובד בגינה הזאת שוב!"
OUTFARM.EMC	"יאללה ביי!"
OUTFARM.EMC	"אזור כפרי יפהפה."
OUTFARM.EMC	"OUTFARM"
OUTFARM.EMC	"אמת המים הזו עוברת בכל מקום!"
OUTFARM.EMC	"איייכס! איזה טעם נוראי!"
OUTFARM.EMC	"הוא בטח רווק."
OUTFARM.EMC	"הוא אסף משלוח נוסף של חרדל."
OUTFARM.EMC	" "
OUTFARM.EMC	"_MEANWIL.COL"
OUTFARM.EMC	"_MNWHILG.CPS"
OUTFARM.EMC	"_MNWHILF.CPS"
OUTFARM.EMC	"_MNWHILE.CPS"
OUTFARM.EMC	"FARMER.WSA"
OUTFARM.EMC	"DRAGON.WSA"
OUTFARM.EMC	"SC_ENTER.WSA"
OUTFARM.EMC	"ZANDOWN.WSA"
OUTFARM.EMC	"PICKUPMU.WSA"
OUTGATE.EMC	"אנחנו מתים על כריכים!"
OUTGATE.EMC	"היי, שומרים..."
OUTGATE.EMC	"אל תתנו לאף אחד להפריע לפיקניק שלי כאן, טוב?"
OUTGATE.EMC	"אחזור בעוד כמה דקות..."
OUTGATE.EMC	"מצטערים, אנחנו לא לוקחים שוחד."
OUTGATE.EMC	"(אניח את הכריך כאן.)"
OUTGATE.EMC	"(ועכשיו להסתתר...)"
OUTGATE.EMC	"לא לגעת בכריך שלי!"
OUTGATE.EMC	"או בכריך שלי!"
OUTGATE.EMC	"אזור כפרי יפהפה."
OUTGATE.EMC	"המממם, שום דבר כאן."
OUTGATE.EMC	"איזו מין עיר תבחר בצבע חרדל עבור הדגל שלה?"
OUTGATE.EMC	"כדאי שאתקשר לפאון."
OUTGATE.EMC	"פאון. פאון."
OUTGATE.EMC	"ענה, פאון."
OUTGATE.EMC	"GRDGATE.WSA"
OUTGATE.EMC	"GRDSAND.WSA"
OUTGATE.EMC	"ZANCREEP.WSA"
OUTGATE.EMC	"FLAG.WSA"
OUTGATE.EMC	"GATEOPEN.WSA"
OUTHERB.EMC	"כבר קטפתי את תותי האש שגדלו שם."
OUTHERB.EMC	"זה יצנן אותם."
OUTHERB.EMC	"תותי אש..."
OUTHERB.EMC	"שמעתי את סיפורי האימה של המלך ברנדון."
OUTHERB.EMC	"למה לקחת אחד כשאני יכולה לקחת שניים?"
OUTHERB.EMC	"חבל להשאיר אותם ככה, לגדול בביצה."
OUTHERB.EMC	"אאוץ'! תות האש הזה חם מכדי לקטוף אותו."
OUTHERB.EMC	"אולי ישנה דרך לקרר אותו?"
OUTHERB.EMC	"OUTDOOR.WSA"
OUTHERB.EMC	"ביצה מוזרה."
OUTHERB.EMC	"הרב תמיד בבית."
OUTHERB.EMC	"מי ביצה."
OUTHERB.EMC	"הבית של הרב."
OUTHERB.EMC	"הפאטיו של הרב."
OUTHERB.EMC	"O_HRBA.WSA"
OUTHERB.EMC	"O_HRBB.WSA"
OUTHERB.EMC	"O_HRBC.WSA"
OUTHERB.EMC	"FIREBERY.WSA"
OUTHOME.EMC	"זהירות, כדור-רפש!"
OUTHOME.EMC	"אין לי זמן להתעסק איתך היום!"
OUTHOME.EMC	"לפעמים חייבים להיות קשוחים."
OUTHOME.EMC	"מכתב."
OUTHOME.EMC	"אפשר להכין אריחים ממש יפים מבוץ ביצות."
OUTHOME.EMC	"מי ביצה."
OUTHOME.EMC	"חם היום."
OUTHOME.EMC	"EYES.WSA"
OUTHOME.EMC	"FROGTONG.WSA"
OUTHOME.EMC	"O_HMEA.WSA"
OUTHOME.EMC	"O_HMEB.WSA"
OUTHOME.EMC	"O_HMEC.WSA"
OUTHOME.EMC	"O_HMED.WSA"
PHONE_A.EMC	"FAUN"
PHONE_A.EMC	"...ואז אמרתי לה..."
PHONE_A.EMC	"""כדאי שתזיזי את התחת ותצאי לדרך או שאני..."""
PHONE_A.EMC	"פאון. פאון. אתה שומע אותי?"
PHONE_A.EMC	"אופס. היי זאנתיה."
PHONE_A.EMC	"השגת את אבן העוגן?"
PHONE_A.EMC	"עוד לא, אבל אני מתקדמת."
PHONE_A.EMC	"מה נשמע בקירנדיה?"
PHONE_A.EMC	"כדאי שתזדרזי."
PHONE_A.EMC	"ברנדון היה פה וסיפר לי שדארם נעלם..."
PHONE_A.EMC	"...והמקדש של ברין פשוט התפוגג."
PHONE_A.EMC	"אימאל'ה!"
PHONE_A.EMC	"אם לא תמהרי, תהיי המיסטיקנית היחידה שתישאר!"
PHONE_A.EMC	"ואז מה נעשה?"
PHONE_A.EMC	"תודה על העידוד."
PHONE_A.EMC	"אתקשר אליך שוב אחר כך."
PHONE_A.EMC	"FAUNCAL1.WSA"
PHONE_A.EMC	"FROGBLNK.WSA"
PHONE_B.EMC	"FAUN"
PHONE_B.EMC	"...אז ערבבתי חלק מהאוכמניות עם הצהוב הזה, ו-הפתעה!..."
PHONE_B.EMC	"חכה שתראה מה זה עושה לאוזניים שלי..."
PHONE_B.EMC	"מגניב, אה?"
PHONE_B.EMC	"או או. שלום זאנתיה."
PHONE_B.EMC	"אתה לא משחק בדברים שלי, נכון?"
PHONE_B.EMC	"מי, אני?"
PHONE_B.EMC	"יש חדשות מקירנדיה?"
PHONE_B.EMC	"המצב מחמיר!"
PHONE_B.EMC	"הביצה נראית כמו גבינה שוויצרית, ושמעתי שהארמון כמעט נעלם!"
PHONE_B.EMC	"מה לוקח לך כל כך הרבה זמן?"
PHONE_B.EMC	"זה מסע קשה פאון, וכדאי שאתקדם."
PHONE_B.EMC	"שוב תודה על התמיכה..."
PHONE_B.EMC	"...ואני ממש מעריכה את העובדה שאתה לא מתעסק בדברים שלי."
PHONE_B.EMC	"ביי ביי."
PHONE_B.EMC	"בסדר. תתקשרי שוב כשיהיו לך חדשות טובות."
PHONE_B.EMC	"FAUNEARS.WSA"
PHONE_B.EMC	"FRGBLNK2.WSA"
PHONE_C.EMC	"FAUN"
PHONE_C.EMC	"פאון, מה זה הקשקוש הזה על גלגלי הגורל?"
PHONE_C.EMC	"ואיפה מרקו?"
PHONE_C.EMC	"מרקו והיד בדיוק עזבו."
PHONE_C.EMC	"בחיפזון גדול."
PHONE_C.EMC	"פתח עוד פורטל."
PHONE_C.EMC	"אני חייבת לחזור."
PHONE_C.EMC	"מצטער, לא נשארו אוכמניות."
PHONE_C.EMC	"יופי!"
PHONE_C.EMC	"מה זה הסיפור הזה עם גלגלי הגורל?"
PHONE_C.EMC	"למעלה בעננים, מעבר ליער המכושף."
PHONE_C.EMC	"הגלגלים הקירנדיים תקועים או משהו כזה."
PHONE_C.EMC	"אחלה בחלה."
PHONE_C.EMC	"אני אצא לכיוון ההוא, ואתה בינתיים תחפש עוד אוכמניות כדי לפתוח עוד פורטל."
PHONE_C.EMC	"אין לי כוח ללכת את כל הדרך ברגל."
PHONE_C.EMC	"FAUNFIRE.WSA"
PHONE_D.EMC	"FAUN"
PHONE_D.EMC	"פאון, פאון."
PHONE_D.EMC	"מה שלום קירנדיה?"
PHONE_D.EMC	"צרה גדולה! הכל נעלם עכשיו!"
PHONE_D.EMC	"אוי ואבוי. תחזיק מעמד פאון..."
PHONE_D.EMC	"אני כבר כמעט בגלגלים."
PHONE_D.EMC	"אני ממש מקווה שהתוכנית הזאת תעבוד..."
PHONE_D.EMC	"זה כל מה שיש לנו!"
PHONE_D.EMC	"מהר!"
PHONE_D.EMC	"HOMEGLOW.WSA"
PHONE_D.EMC	"FAUN4.WSA"
QUICK.EMC	"אני חושבת שהסוד בחול טובעני הוא לרוץ עליו מהר-מהר..."
QUICK.EMC	"זה נראה מספיק חזק לשאת את המשקל שלי..."
QUICK.EMC	"למה שארצה את זה?"
QUICK.EMC	"מה אני, קוקו?"
QUICK.EMC	"אני לא רוצה לאבד את זה."
QUICK.EMC	"היד שלו כבר תפוסה."
QUICK.EMC	"אין בעיה..."
QUICK.EMC	"_ZPSHTRE.EMC"
QUICK.EMC	"המממם... כנראה עץ מכושף."
QUICK.EMC	"אני לא יכולה להפיל אותו."
QUICK.EMC	"TREEFALL.WSA"
QUICK.EMC	"TIMBER"
QUICK.EMC	"שלולית בוץ מגעילה."
QUICK.EMC	"QUCKTREE.WSA"
QUICK.EMC	"אני לא יכולה לקפוץ כל כך רחוק!"
QUICK.EMC	"איך זה שהשלט לא שוקע?"
QUICK.EMC	"QUICKD.WSA"
RAINA.EMC	"FAU1"
RAINA.EMC	"איך את מעזה?!"
RAINA.EMC	"אני אראה לך מה זה לדחוף אותי!"
RAINA.EMC	"אופס."
RAINA.EMC	"נטיף הקרח שלי."
RAINA.EMC	"זהו זה!"
RAINA.EMC	"נמאס לי!"
RAINA.EMC	"את לא יודעת עם מי יש לך עסק!"
RAINA.EMC	"זהירות יד, עכשיו אני ממש כועסת!"
RAINA.EMC	"RAINBOWH.WSA"
RAINA.EMC	"RAINBOWZ.WSA"
RAINB.EMC	"להתראות, יער מכושף."
RAINB.EMC	"הדרך ארוכה ומפותלת אל קירנדיה."
RAINB.EMC	"אני לא רואה בעלי חיים כלל."
RAT.EMC	"היי! אל תתגנבי אליי ככה!"
RAT.EMC	"לרגע חשבתי שהזנב שלי הוא נחש!"
RAT.EMC	"מה את רוצה?"
RAT.EMC	"יש לי מתנה קטנה בשבילך, היא בבקבוק הזה..."
RAT.EMC	"_ZSNK1.EMC"
RAT.EMC	"_ZSNK2.EMC"
RAT.EMC	"RAT"
RAT.EMC	"כבר יש כאן ריח טוב יותר."
RAT.EMC	"ועכשיו למצוא את האוצר האבוד!"
RAT.EMC	"אם זה לא גבינה, אני לא רוצה את זה."
RAT.EMC	"תראה משהו מגניב..."
RAT.EMC	"_ZMEDUSA.EMC"
RAT.EMC	"מה, אין עטלפים?"
RAT.EMC	"זה זקיף או נטיף?"
RAT.EMC	"לא הייתי שותה את זה."
RAT.EMC	"אני עדיין לא רוצה לשתות את זה!"
RAT.EMC	"מריח נפלא."
RAT.EMC	"אני לא רוצה לאבד את זה!"
RAT.EMC	"כדאי מאוד שהוא יהיה ער כדי לראות את זה."
RAT.EMC	"טוב, אני באמת קצת צמאה..."
RAT.EMC	"אייייייייש! זה בטוח לא יועיל לקצוות המפוצלים שלי."
RAT.EMC	"RATPOOL.WSA"
RAT.EMC	"RAT.WSA"
RAT.EMC	"RATZIP.WSA"
ROAD.EMC	"""מכאן לכיוון מעלה."""
ROAD.EMC	"זאת בטח הדרך למעלה."
ROAD.EMC	"הלוואי שהיה לי ציוד טיפוס."
ROAD.EMC	"אוף, הצוק הזה חלק מכדי לטפס עליו בלי ציוד טיפוס מיוחד."
ROPE.EMC	"לא נראה לי שזה רעיון טוב להסתכל למטה!"
ROPE.EMC	"ROPEDETH.WSA"
ROPE.EMC	"אני יכולה לעשות את זה."
ROPE.EMC	"ROPESWG1.WSA"
ROPE.EMC	"ROPESWG2.WSA"
ROPE.EMC	"אני לא עוברת לצד השני בלי המקל הנאמן שלי."
ROPE.EMC	"אני לא חושבת שאוכל להגיע לחבל..."
ROPE.EMC	"זה עלול להיות מסוכן."
ROPE.EMC	"זה לא יעזור לי להגיע לחבל."
ROPE.EMC	"מקום גרוע למגרש משחקים."
ROPE.EMC	"ROPEWATR.WSA"
SCORCH.EMC	"PHRDZAN.TIM"
SCORCH.EMC	"DOCK"
SCORCH.EMC	"MEADOW"
SCORCH.EMC	"אני לא הולכת איתו בלי מגנט האלכימאים שלי."
SCORCH.EMC	"הנה הראשון!"
SCORCH.EMC	"תודה. איפה עוד שלושה?"
SCORCH.EMC	"הנה השני!"
SCORCH.EMC	"תודה. איפה השניים הנותרים?"
SCORCH.EMC	"הנה עוד אחד!"
SCORCH.EMC	"תודה. איפה האחרון שנשאר?"
SCORCH.EMC	"תודה. נהייתי כבר רעב."
SCORCH.EMC	"הייתי חסר אחריות עוד מאז שהייתי זחל קטן."
SCORCH.EMC	"לא, תודה."
SCORCH.EMC	"שרוף לחלוטין."
SCORCH.EMC	"מי ביצה."
SCORCH.EMC	"SCORCH"
SCORCH.EMC	"SCORTCH.WSA"
SCORCH.EMC	"PHRDZAN.WSA"
SCORCH.EMC	"SMOKE1.WSA"
SKULL.EMC	"אני אוהבת פטריות."
SKULL.EMC	"SKULL.WSA"
SKULL.EMC	"מעולה!"
SKULL.EMC	"זה היה כיף!"
SKULL.EMC	"בואו נעשה את זה שוב!"
SKULL.EMC	"קלי קלות."
SKULL.EMC	"היי! מגנט אלכימאים!"
SKULL.EMC	"עכשיו אני יכולה להפוך עופרת לזהב."
SKULL.EMC	"כל מה שאני צריכה עכשיו זה עופרת."
SKULL.EMC	"ידעתי שתהיה פה גבינה!"
SKULL.EMC	"העכברוש ההוא בטח כבר מילא את המזווה."
SKULL.EMC	"אין פה יותר כלום."
SKULL.EMC	"נראה שאצטרך לפתוח את המנעול."
SKULL.EMC	"מי חרט את זה?"
SKULL.EMC	"יש פה תולעים שיזחלו פנימה או החוצה?"
SKULL.EMC	"הוא בטח היה בחור גדול."
SKULL.EMC	"הממחטות שלו בטח היו עצומות."
SKULL.EMC	"מוכנה להתערב שזה עזר לו לשרוק."
SKULL.EMC	"אני בקושי יכולה לראות את זה..."
SKULL.EMC	"...אבל זה דומה לגולגולת."
SKULL.EMC	"מרשים מאוד..."
SKULL.EMC	"בטח יש שם משהו בפנים."
SKULL.EMC	"אני כמעט לא רואה כלום כאן."
SKY.EMC	"את כבדה מדי."
SKY.EMC	"תודה."
SKY.EMC	"אתה ממש טוב בלתת מחמאות."
SKY.EMC	"מה אם אעיף את העוגן הזה?"
SKY.EMC	"אם את בדרך לערפילי בוקר..."
SKY.EMC	"...תוכלי להעביר את אחד המכתבים בשבילי?"
SKY.EMC	"בטח, כל עוד לא צריך לשלם על הבול."
SKY.EMC	"נוף מקסים."
SKY.EMC	"PHRDFLY.WSA"
STATION.EMC	"ZSTATION.WSA"
STATION.EMC	"קר פה מדי בשביל בתלבושת הזאת."
STATION.EMC	"_Z4SNAP.EMC"
STATION.EMC	"כדאי שאשים את הפריט הזה בתרמיל שלי קודם."
STATION.EMC	"INSHOP"
STATION.EMC	"כבר יש לי כדור שלג."
STATION.EMC	"השארתי כדור שלג על האדמה איפה שהוא."
STATION.EMC	"אני לא מטפסת על זה שוב!"
STATION.EMC	"נעימי."
STATION.EMC	"הניחי לו לנפשו!"
STATION.EMC	"איזה זב חוטם."
STATION.EMC	"אל תתני לו את זה!"
STATION.EMC	"איזה פראייר."
STATION.EMC	"רופא השיניים שלך יודה לי אחר כך."
STATION.EMC	"הוא ירצה בזה?"
STATION.EMC	"לההה."
STATION.EMC	"כל מה שאכפת לי ממנו הוא תכשיטים גדולים."
STATION.EMC	"לא, תודה."
STATION.EMC	"נראה שתאוות בצע יכולה להשחית כל אחד."
STATION.EMC	"היא לא רוצה את זה עכשיו..."
STATION.EMC	"איזו בקתה מקסימה."
STATION.EMC	"הלוואי שהייתי מביאה איתי מגלשי סקי."
STATION.EMC	"איבדתי הכל כשטיפסתי על הכבל ההוא."
STATION.EMC	"BABY.WSA"
STATION.EMC	"MOMMY.WSA"
STREET.EMC	"מי מלח."
STREET.EMC	"השריף חוסם את הכניסה."
STREET.EMC	"אני נגר."
STREET.EMC	"תפקיד השריף זאת רק השלמה הכנסה."
STREET.EMC	"את נראית בדיוק כמו הבחורונת ששמתי בכלא קודם."
STREET.EMC	"נראה שהשריף שקוע בטראנס."
STREET.EMC	"זה לא העיר אותו."
STREET.EMC	"אין עוד שום דבר מוחבא במים."
STREET.EMC	"משהו מנצנץ במים."
STREET.EMC	"לא. אין יותר מפתחות."
STREET.EMC	"כנראה שאצטרך מגנט רגיל."
STREET.EMC	"מפתח!"
STREET.EMC	"מזל שיש לי מגנט!"
STREET.EMC	"החלק הזה נראה כמו דג."
STREET.EMC	"מעולם לא ראיתי דג עם נוצות!"
STREET.EMC	"זה נראה כמו חלון בדופן ערימת בוץ."
STREET.EMC	"דגים לא אמורים לעשן."
STREET.EMC	"אתה קורא לזה בניין?"
STREET.EMC	"אין קוד לבניין, כנראה."
STREET.EMC	"עדיף שאחזיר את הדף הזה לספר הלחשים שלי קודם."
STREET.EMC	"עוד דף מספר הלחשים שלי!"
STREET.EMC	"כדאי שאחזיר את זה לאוגדן."
STREET.EMC	"מי השאיר את זה זרוק ככה?"
STREET.EMC	"כל הדברים האלה נראים לי מוכרים."
STREET.EMC	"אלה נראים כמו רכיבי שיקוי משומשים."
STREET.EMC	"STJAIL.WSA"
STREET.EMC	"KEY.WSA"
STREET.EMC	"HAND.WSA"
SULFUR.EMC	"אהא. מכתב."
SULFUR.EMC	"איכס."
SULFUR.EMC	"עוד אחד."
SULFUR.EMC	"המים האלה רותחים!"
SULFUR.EMC	"אווווו, עכשיו זה חם!"
SULFUR.EMC	"אני לא רוצה לאבד את זה."
SULFUR.EMC	"אההההה. האדים האלה ממש טובים לעור הפנים שלי."
SULFUR.EMC	"אולי יהיה לי ריח משונה, אבל אראה נפלא!"
SULFUR.EMC	"אפשר לפתוח את זה עם האדים..."
SULFUR.EMC	"פיו!"
SULFUR.EMC	"אלה מים חמים."
SULFUR.EMC	"SULFURA.WSA"
TAVERN.EMC	"ALLEY"
TAVERN.EMC	"TAVERN"
TAVERN.EMC	"אף אחד לא עוזב בלי לדקלם שיר."
TAVERN.EMC	"_ZPOUR.EMC"
TAVERN.EMC	"חבית נאה."
TAVERN.EMC	"ריהוט גס."
TAVERN.EMC	"רופא השיניים שלי היה נהנה מאלה ממש."
TAVERN.EMC	"נראה כמו התמונה של ברנדון."
TAVERN.EMC	"האם מתחיל להחשיך בחוץ, או שזאת רק אני?"
TAVERN.EMC	"זה לא של קאלאק?"
TAVERN.EMC	"נראה שאף אחד לא משתמש בזה."
TAVERN.EMC	"-אהם-"
TAVERN.EMC	"סלחו לי..."
TAVERN.EMC	"היי!!!"
TAVERN.EMC	"תודה לכם."
TAVERN.EMC	"לא מקיאים ת'נשמה,"
TAVERN.EMC	"עם שתי רגליים על האדמה,"
TAVERN.EMC	"אך בין גלי הים המלוח,"
TAVERN.EMC	"לרוב פולטים עיקרית וקינוח."
TAVERN.EMC	"הרימו עוגן,"
TAVERN.EMC	"משכו חבל או שניים,"
TAVERN.EMC	"כל שאכלתם מתעופף אל המים."
TAVERN.EMC	"האם זה שרפרף לקרפדים?"
TAVERN.EMC	"או אולי בימת קרפדים?"
TAVERN.EMC	"לא נראה לי שאני צריכה עוד טופי."
TAVERN.EMC	"מעניין אם הטופי הזה בטוח לאכילה?"
TAVERN.EMC	"זה היה מזיק לשיניים שלי, בכל מקרה."
TAVERN.EMC	"החבית כבר מלאה בחומר דביק מאוד ובעל ריח מתוק."
TAVERN.EMC	"נראה שריהוט כפרי חזר לאופנה."
TAVERN.EMC	"היי! השודדים האלה לא פוחדים ממני!"
TAVERN.EMC	"מה אני אעשה בזה?"
TAVERN.EMC	"הוא מתכונן."
TAVERN.EMC	"לא להפריע לו להתרכז!"
TAVERN.EMC	"אני רוצה את אמא."
TAVERN.EMC	"זה גנוב?"
TAVERN.EMC	"אני רוצה את אבא."
TAVERN.EMC	"היי, זהירות!"
TAVERN.EMC	"אני רוצה את הדובי שלי."
TAVERN.EMC	"לא, תודה."
TAVERN.EMC	"*סקוואק!*"
TAVERN.EMC	"כולם חייבים לדקלם שיר לפני שהם עוזבים."
TAVERN.EMC	"איבדתי את הרגל כשניסיתי לחטוף גבינה ממלכודת עכברים."
TAVERN.EMC	"נראה לך שיש לי צורך בזה?"
TAVERN.EMC	"זהו ערב שירת שודדים."
TAVERN.EMC	"היי! זוזי מהדרך, קרציה!"
TAVERN.EMC	"שששש! הוא עומד להתחיל!"
TAVERN.EMC	"משה מושיקו הצמא ירד אל המים,"
TAVERN.EMC	"אימו אמרה, 'אל תשתכשך באגם,"
TAVERN.EMC	"עד מעל הברכיים.'"
TAVERN.EMC	"אך אל בין האוזניים, הבקשה לא הגיעה מעולם."
TAVERN.EMC	"תוך פחות מדקה, הוא צלל ונתקע,"
TAVERN.EMC	"קפץ ראש, בלי הרבה מחשבה."
TAVERN.EMC	"התפתל הוא כמו סליל, אך ללא הועיל,"
TAVERN.EMC	"כי הבעיה היתה לנשום, לא צמא."
TAVERN.EMC	"מה מה מה, מה מים, להשתכשך זאת צרה."
TAVERN.EMC	"מה מה מה, מה מים, כמו שאימאש'ך אמרה."
TAVERN.EMC	"לטבול זה מדליק, אבל לא להחליק,"
TAVERN.EMC	"אולי תנסה בינתיים, לא להרטיב את הברכיים?"
TAVERN.EMC	"לא היית מזהה פנטמטר יאמבי גם אם הוא היה נושך אותך בתחת!"
TAVERN.EMC	"הו? ואני מניח שאתה מומחה להאיקו!"
TAVERN.EMC	"אל תגעי בי!"
TAVERN.EMC	"אל תתערבי, גברת!"
TAVERN.EMC	"אני מתכוון לזה!"
TAVERN.EMC	"תעיפי את זה ממני!"
TAVERN.EMC	"אני עסוק!"
TAVERN.EMC	"זוזי, בורה אנאלפביתית!"
TAVERN.EMC	"אל תתערבי או שאני עושה ממך שניצל!"
TAVERN.EMC	"את אל תדחפי את האף!"
TAVERN.EMC	"היי! זאת שן הזהב שלי!!!"
TAVERN.EMC	"מי בנה את זה?"
TAVERN.EMC	"PIRATE_1.WSA"
TAVERN.EMC	"PIRATE_2.WSA"
TAVERN.EMC	"PIRATE_3.WSA"
TAVERN.EMC	"SCTAVIDL.WSA"
TAVERN.EMC	"FIGHT_1.WSA"
TAVERN.EMC	"FIGHT_2.WSA"
TAVERN.EMC	"PARROT.WSA"
TAVERN.EMC	"TAVERN.WSA"
TAVERN.EMC	"ZPUKE.WSA"
TIMBER.EMC	"היד שלו כבר תפוסה."
TIMBER.EMC	"אני לא יכולה לקפוץ מעל זה."
TIMBER.EMC	"חול טובעני."
TIMBER.EMC	"כדאי שאזהר, שזה לא יאבד בבוץ הטובעני."
TIMBER.EMC	"מפתח עצמות."
TIMBER.EMC	"צריך יד?"
TIMBER.EMC	"איפה הבונים?"
TIMBER.EMC	"QUCKTREE.WSA"
TIMBER.EMC	"אימא'לה!"
TIMBER.EMC	"אני לא זוכרת שראיתי בונים מסתובבים כאן..."
TIMBER.EMC	"מצד שני, לא חיפשתי אותם בכלל."
TIMBER.EMC	"ידעתי שזה יהיה קל."
TRAM.EMC	"ZANJOG.WSA"
TRAM.EMC	"מפתיע שיבחרו במערכת הנעה כל כך מגושמת לשימוש ביער המכושף."
TRAM.EMC	"TRAMJUMP.WSA"
TRAM.EMC	"ROLNSTON.WSA"
TRAM.EMC	"אני ממש מקווה שזה יעבוד."
TRAM.EMC	"בלוטים! פויה!"
TRAM.EMC	"זה לא טעים! בלעחס!"
TRAM.EMC	"איכס! אגוזי מלך הם הכי מגעילים!"
TRAM.EMC	"הו תודה!"
TRAM.EMC	"איצטרובל דוקר בלשון."
TRAM.EMC	"מגניב. יום משכורת!"
TRAM.EMC	"יאללה ביי!"
TRAM.EMC	"...אבל איך אפשר לנסוע ברכבל?"
TRAM.EMC	"היי! רציתי לנסוע ברכבל!"
TRAM.EMC	"מצטער. היום זה יום ארוחת הצהריים הארוכה."
TRAM.EMC	"SNOWCAGE.WSA"
TRAM.EMC	"בחיים לא אפעיל את הרכבל בשבילך!"
TRAM.EMC	"מצטער. אני לא לוקח שוחד."
TRAM.EMC	"אני לא נכנסת לשם בזמן שהאבן ההיא מתגלגלת לה מסביב."
TRAM.EMC	"בבקשה לא להתעסק, זה ציוד יקר ועדין."
TRAM.EMC	"המממם. נחושת."
TRAM.EMC	"מה זה? טרמפיאדה לחדי קרן?"
TRAM.EMC	"מעניין מי גר שם?"
TRAM.EMC	"אני מקווה שהמגדלים האלה לא נבנו על ידי הקבלן שבנה את הרציף."
TRAM.EMC	"אהא. פריחה אלפינית..."
TRAM.EMC	"אני כנראה ממש קרובה."
TRAM.EMC	"המממם. איך אפשר להחזיר את הרכבל הזה לפעולה?"
TRAM.EMC	"אלה נראים כמו הרים."
TRAM.EMC	"אני לא משליכה את זה!"
TRAM.EMC	"אין פה מקום לאיש שלג."
TRAM.EMC	"SQRLCAGE.WSA"
TRAM.EMC	"TRAM.WSA"
TRAM.EMC	"SQRLRUN.WSA"
TREE.EMC	"SNOWMAN1.WSA"
TREE.EMC	"TREE"
TREE.EMC	"אשים את זה על הגזע."
TREE.EMC	"אולי זה קצת ישחרר אותם."
TREE.EMC	"אאוץ'! אני צריכה מיסטיקנית פעלולנית."
TREE.EMC	"התלבושת הזאת קצת עדינה מדי לטיול שטח."
TREE.EMC	"לא בלי מגנט האלכימאים שלי!"
TREE.EMC	"בטח אבן חול."
TREE.EMC	"אולי אוכל להצית אש עם אבן הצור הזאת."
TREE.EMC	"אהא! פחם!"
TREE.EMC	"המממם. אבן צור."
TREE.EMC	"בבקשה אל תעשי את זה!"
TREE.EMC	"אני מקווה שזה יעבוד!"
TREE.EMC	"האם זאת אבן שחם?"
TREE.EMC	"הא. זהב שוטים."
TREE.EMC	"חוטב העצים היה עסוק מאוד."
TREE.EMC	"כל הדפיקות האלה עושות לי כאב ראש."
TREE.EMC	"לא משטח הנחיתה הכי רך בעולם."
TREE.EMC	"המממם. עוד בקבוק."
TREE.EMC	"וואו! כנראה שנפלתי מהר יותר ממה שחשבתי."
TREE.EMC	"כדאי שלא אאבד את זה בתוך החור."
TREE.EMC	"אחד מאלה ייראה נהדר בחצר שלי."
TREE.EMC	"אני רק רוצה לרקוד שוב."
TREE.EMC	"את מנסה לעבוד עלינו?"
TREE.EMC	"השביל הזה בטוח מוביל לאן שהוא."
TREE.EMC	"חבר'ה, נפל לכם האיצטרובל הזה?"
TREE.EMC	"את יכולה לקחת אותו."
TREE.EMC	"אנחנו נעשה עוד."
TREE.EMC	"TREE2.WSA"
TREE.EMC	"TREE3.WSA"
TREE.EMC	"TREE1.WSA"
TREE.EMC	"TWIG2COL.WSA"
TREE.EMC	"ZCRASH.WSA"
TREE.EMC	"DRUM.WSA"
VOLCANO.EMC	"CPT3"
VOLCANO.EMC	"ברוך שפטרנו!"
VOLCANO.EMC	"VZAN.WSA"
VOLCANO.EMC	"VOLCBOAT.WSA"
VOLC_A.EMC	"כדאי שאייבש את עצמי."
VOLC_A.EMC	"ככה יותר טוב."
VOLC_A.EMC	"הרבה יותר טוב."
VOLC_A.EMC	"זה יכול להיות בעל ערך."
VOLC_A.EMC	"לפחות השגתי מזכרת קטנה."
VOLC_A.EMC	"VENTAFLY.WSA"
VOLC_A.EMC	"וואו!"
VOLC_A.EMC	"אני לא קופצת לשם בלי מגנט האלכימאים שלי!"
VOLC_A.EMC	"VENTA.WSA"
VOLC_A.EMC	"מה זה? פתח אוויר חם?"
VOLC_A.EMC	"אוויר חם."
VOLC_A.EMC	"פרי מוזר."
VOLC_A.EMC	"בונסאי וולקני."
VOLC_A.EMC	"גבישים חזקים."
VOLC_A.EMC	"אני לא רוצה לעשות את זה."
VOLC_A.EMC	"וואו, זה לוהט!"
VOLC_A.EMC	"מים צלולים."
VOLC_A.EMC	"אי משונה."
VOLC_A.EMC	"זה לא אחד מהחופים בעלוני התיירות."
VOLC_A.EMC	"היי! שוב כל הדברים שלי נעלמו!"
VOLC_A.EMC	"זה התרמיל הכי גרוע שהיה לי בחיים!"
VOLC_A.EMC	"VA_LAV1.WSA"
VOLC_A.EMC	"VA_SMK1.WSA"
VOLC_A.EMC	"VA_SMK2.WSA"
VOLC_A.EMC	"VA_WTR1.WSA"
VOLC_A.EMC	"Z_ASHORE.WSA"
VOLC_A.EMC	"ZFLASH.WSA"
VOLC_B.EMC	"אויר חם."
VOLC_B.EMC	"פרי מוזר."
VOLC_B.EMC	"בונסאי וולקני."
VOLC_B.EMC	"גבישים יציבים."
VOLC_B.EMC	"אני לא רוצה לעשות את זה."
VOLC_B.EMC	"וואו, זה לוהט!"
VOLC_B.EMC	"מים צלולים."
VOLC_B.EMC	"אי מוזר."
VOLC_B.EMC	"VB_LAV1.WSA"
VOLC_B.EMC	"VB_LAV2.WSA"
VOLC_B.EMC	"VB_SMK1.WSA"
VOLC_B.EMC	"VB_WTRA.WSA"
VOLC_B.EMC	"VB_WTRB.WSA"
VOLC_C.EMC	"חשבתי שיהיו פה יותר מקומות לעשות שופינג."
VOLC_C.EMC	"מצאת כבר את הדרך?"
VOLC_C.EMC	"האם עדיין הייתי מסתובבת כאן?"
VOLC_C.EMC	"אז, שמעתי שהמלך שלכם ברנדון הוא רווק מבוקש."
VOLC_C.EMC	"האם את מהמתמודדות?"
VOLC_C.EMC	"ברנדון!"
VOLC_C.EMC	"הא!"
VOLC_C.EMC	"קצת צעיר מדי לטעמי."
VOLC_C.EMC	"אז, יש מישהו אחר?"
VOLC_C.EMC	"אחד מהמיסטיקנים המלכותיים המפורסמים?"
VOLC_C.EMC	"לההה."
VOLC_C.EMC	"יש לי סוג של חבר, אהל הוא מתנהג ממש מוזר לאחרונה."
VOLC_C.EMC	"מה זאת אומרת, החבר שלך מתנהג מוזר?"
VOLC_C.EMC	"הוא לא החבר שלי."
VOLC_C.EMC	"רק סוג של, את יודעת."
VOLC_C.EMC	"אה, רומן סודי."
VOLC_C.EMC	"כמה מתוק."
VOLC_C.EMC	"אכפת לך לא לדון בחיי הפרטיים?"
VOLC_C.EMC	"פתחי אוויר וסלעים."
VOLC_C.EMC	"המיסטיקן הראשי שלנו אמר שאני אמורה לעשות משהו עם סלעים ופתחי אוויר..."
VOLC_C.EMC	"אבל לא היה לי מושג שלזה הוא התכוון."
VOLC_C.EMC	"אז איזה סוג של צרה נפל על מילטוניה?"
VOLC_C.EMC	"גשם של צפרדעים."
VOLC_C.EMC	"קורה בכל קיץ."
VOLC_C.EMC	"גועל נפש, למען האמת."
VOLC_C.EMC	"איחחחחח!"
VOLC_C.EMC	"קוראים לי זאנתיה."
VOLC_C.EMC	"הגעתי לכאן מקירנדיה."
VOLC_C.EMC	"נעים לפגוש אותך."
VOLC_C.EMC	"אני ג'סיקה, אשפית מתלמדת ממילטוניה."
VOLC_C.EMC	"לא תודה."
VOLC_C.EMC	"העשן הזה מסריח."
VOLC_C.EMC	"אוויר חם."
VOLC_C.EMC	"פרי מוזר."
VOLC_C.EMC	"בונסאי וולקני."
VOLC_C.EMC	"אני לא רוצה לעשות את זה."
VOLC_C.EMC	"וואו, זה לוהט!"
VOLC_C.EMC	"מים צלולים."
VOLC_C.EMC	"אי משונה."
VOLC_C.EMC	"VC_LAV1.WSA"
VOLC_C.EMC	"VC_SMK1.WSA"
VOLC_C.EMC	"VC_SMK2.WSA"
VOLC_C.EMC	"VC_WTRA.WSA"
VOLC_C.EMC	"VC_WTRB.WSA"
VOLC_C.EMC	"JESSICA.WSA"
VOLC_D.EMC	"חנון."
VOLC_D.EMC	"Z_SMARMY.WSA"
VOLC_D.EMC	"האם תהיי מעוניינת לחלק את הביצה שאת גרה בה ליחידות דיור?"
VOLC_D.EMC	"דלת מרשימה."
VOLC_D.EMC	"מנורות לבה."
VOLC_D.EMC	"מים צלולים."
VOLC_D.EMC	"הגעת למקום הנכון יקירתי."
VOLC_D.EMC	"SMAR"
VOLC_D.EMC	"ברשותך אתן לך עלון זה בו מפורטים שירותי ההדרכה האישית שלי."
VOLC_D.EMC	"אוכל לכוון אותך דרך כל מסתורי המזבח במרכז העולם."
VOLC_D.EMC	"בתשלום סמלי של שני כוכבי ים, כמובן."
VOLC_D.EMC	"ספר יקר ערך זה מלמד כיצד להשיג הדרכה אישית."
VOLC_D.EMC	"אתה יודע איך אוכל להגיע למרכז העולם?"
VOLC_D.EMC	"אי אפשר להגיע לשום מקום בעולם הזה בלי סלעים ופתחי אוורור."
VOLC_D.EMC	"אצטרך בסך הכל שני כוכבי ים."
VOLC_D.EMC	"תודה לך."
VOLC_D.EMC	"חסר לך רק עוד כוכב ים אחד."
VOLC_D.EMC	"לא, תודה."
VOLC_D.EMC	"אני מקבל תשלום בכוכבי ים בלבד."
VOLC_D.EMC	"בשביל שירותי הדרכה מלאים, תצטרכי לשלם בסך הכל שישה כוכבי ים."
VOLC_D.EMC	"חסרים לך רק עוד חמישה כוכבי ים."
VOLC_D.EMC	"חסרים לך רק עוד ארבעה כוכבי ים."
VOLC_D.EMC	"חסרים לך רק עוד שלושה כוכבי ים."
VOLC_D.EMC	"חסרים לך רק עוד שני כוכבי ים."
VOLC_D.EMC	"ברכותיי!"
VOLC_D.EMC	"צעד ראשון נהדר!"
VOLC_D.EMC	"כעת, על מנת לרשום אותך בפועל לאבן העוגן..."
VOLC_D.EMC	"...נדרש תשלום סמלי בסך שמונה צדפים."
VOLC_D.EMC	"לצורך הרשמה, עליך להצטייד בשמונה צדפים טבין ותקילין."
VOLC_D.EMC	"חסרים לך רק עוד שבעה צדפים."
VOLC_D.EMC	"חסרים לך רק עוד שישה צדפים."
VOLC_D.EMC	"חסרים לך רק עוד חמישה צדפים."
VOLC_D.EMC	"חסרים לך רק עוד ארבעה צדפים."
VOLC_D.EMC	"חסרים לך רק עוד שלושה צדפים."
VOLC_D.EMC	"חסרים לך רק עוד שני צדפים."
VOLC_D.EMC	"חסר לך רק עוד צדף אחד."
VOLC_D.EMC	"מעולה!"
VOLC_D.EMC	"את כמעט מוכנה!"
VOLC_D.EMC	"כל מה שנשאר לך לעשות זה לשלם שמונה דולרי חול בעבור טפסי הביטוח."
VOLC_D.EMC	"אני מקבל תשלום בקונכיות בלבד."
VOLC_D.EMC	"בשביל הביטוח, תצטרכי לשלם שמונה דולרי חול."
VOLC_D.EMC	"חסרים לך רק עוד שבעה דולרי חול."
VOLC_D.EMC	"חסרים לך רק עוד שישה דולרי חול."
VOLC_D.EMC	"חסרים לך רק עוד חמישה דולרי חול."
VOLC_D.EMC	"חסרים לך רק עוד ארבעה דולרי חול."
VOLC_D.EMC	"חסרים לך רק עוד שלושה דולרי חול."
VOLC_D.EMC	"חסרים לך רק עוד שני דולרי חול."
VOLC_D.EMC	"חסר לך רק עוד דולר חול אחד."
VOLC_D.EMC	"את יודעת, באת לי בטוב, ואת לקוחה מצויינת!"
VOLC_D.EMC	"כיף כיופק."
VOLC_D.EMC	"עכשיו תגיד לי, איך אני יורדת למטה ומשיגה אבן עוגן?"
VOLC_D.EMC	"בשביל המסע עצמו למרכז העולם..."
VOLC_D.EMC	"...רוב האנשים פשוט קופצים לתוך אחד מפתחי האוורור."
VOLC_D.EMC	"אני מקבל תשלום בדולרי חול בלבד."
VOLC_D.EMC	"אי משונה."
VOLC_D.EMC	"VD_LAV1.WSA"
VOLC_D.EMC	"VD_LAV2.WSA"
VOLC_D.EMC	"VD_SMK.WSA"
VOLC_D.EMC	"VD_WTR.WSA"
VOLC_D.EMC	"SMARMY.WSA"
VOLC_D.EMC	"SMARMY1.WSA"
VOLC_E.EMC	"העשן הזה מסריח."
VOLC_E.EMC	"אוויר חם."
VOLC_E.EMC	"פרי מוזר."
VOLC_E.EMC	"בונסאי וולקני."
VOLC_E.EMC	"גבישים חזקים."
VOLC_E.EMC	"אני לא רוצה לעשות את זה."
VOLC_E.EMC	"וואו, זה לוהט!"
VOLC_E.EMC	"מים צלולים."
VOLC_E.EMC	"אי משונה."
VOLC_E.EMC	"VE_SMK1.WSA"
VOLC_E.EMC	"VE_SMK2.WSA"
VOLC_E.EMC	"VE_WTRA.WSA"
VOLC_E.EMC	"VE_WTRB.WSA"
VOLC_F.EMC	"העשן הזה מסריח."
VOLC_F.EMC	"אוויר חם."
VOLC_F.EMC	"פרי מוזר."
VOLC_F.EMC	"בונסאי וולקני."
VOLC_F.EMC	"גבישים חזקים."
VOLC_F.EMC	"אני לא רוצה לעשות את זה."
VOLC_F.EMC	"וואו, זה לוהט!"
VOLC_F.EMC	"מים צלולים."
VOLC_F.EMC	"אי משונה."
VOLC_F.EMC	"VF_LAV1.WSA"
VOLC_F.EMC	"VF_SMK1.WSA"
VOLC_F.EMC	"VF_SMK2.WSA"
VOLC_F.EMC	"VF_WTR1.WSA"
VOLC_G.EMC	"חשבתי שיהיו פה יותר מקומות לעשות שופינג."
VOLC_G.EMC	"מצאת כבר את הדרך?"
VOLC_G.EMC	"האם עדיין הייתי מסתובבת כאן?"
VOLC_G.EMC	"אז, שמעתי שהמלך שלכם ברנדון הוא רווק מבוקש."
VOLC_G.EMC	"האם את מהמתמודדות?"
VOLC_G.EMC	"ברנדון!"
VOLC_G.EMC	"הא!"
VOLC_G.EMC	"קצת צעיר מדי לטעמי."
VOLC_G.EMC	"אז, יש מישהו אחר?"
VOLC_G.EMC	"אחד מהמיסטיקנים המלכותיים המפורסמים?"
VOLC_G.EMC	"לההה."
VOLC_G.EMC	"יש לי סוג של חבר, אהל הוא מתנהג ממש מוזר לאחרונה."
VOLC_G.EMC	"מה זאת אומרת, החבר שלך מתנהג מוזר?"
VOLC_G.EMC	"הוא לא החבר שלי."
VOLC_G.EMC	"רק סוג של, את יודעת."
VOLC_G.EMC	"אה, רומן סודי."
VOLC_G.EMC	"כמה מתוק."
VOLC_G.EMC	"אכפת לך לא לדון בחיי הפרטיים?"
VOLC_G.EMC	"פתחי אוויר וסלעים."
VOLC_G.EMC	"המיסטיקן הראשי שלנו אמר שאני אמורה לעשות משהו עם סלעים ופתחי אוויר..."
VOLC_G.EMC	"אבל לא היה לי מושג שלזה הוא התכוון."
VOLC_G.EMC	"אז איזה סוג של צרה נפל על מילטוניה?"
VOLC_G.EMC	"גשם של צפרדעים."
VOLC_G.EMC	"קורה בכל קיץ."
VOLC_G.EMC	"גועל נפש, למען האמת."
VOLC_G.EMC	"איחחחחח!"
VOLC_G.EMC	"קוראים לי זאנתיה."
VOLC_G.EMC	"הגעתי לכאן מקירנדיה."
VOLC_G.EMC	"נעים לפגוש אותך."
VOLC_G.EMC	"אני ג'סיקה, אשפית מתלמדת ממילטוניה."
VOLC_G.EMC	"לא תודה."
VOLC_G.EMC	"נוף יוצא דופן."
VOLC_G.EMC	"אני לא רוצה לעשות את זה."
VOLC_G.EMC	"וואו, זה לוהט!"
VOLC_G.EMC	"מים צלולים."
VOLC_G.EMC	"אי משונה."
VOLC_G.EMC	"VG_LAV1.WSA"
VOLC_G.EMC	"VG_SMK1.WSA"
VOLC_G.EMC	"JESSICA.WSA"
VOLC_H.EMC	"העשן הזה מסריח."
VOLC_H.EMC	"אוויר חם."
VOLC_H.EMC	"נוף יוצא דופן."
VOLC_H.EMC	"מים צלולים."
VOLC_H.EMC	"אי משונה."
VOLC_H.EMC	"VH_SMK1.WSA"
VOLC_H.EMC	"VH_WTR1.WSA"
VOLC_H.EMC	"VH_WTR2.WSA"
VOLC_H.EMC	"VH_WTR3.WSA"
VOLC_I.EMC	"אני לא רוצה לעשות את זה."
VOLC_I.EMC	"וואו, זה לוהט!"
VOLC_I.EMC	"מים צלולים."
VOLC_I.EMC	"אי משונה."
VOLC_I.EMC	"VI_LAV1.WSA"
VOLC_I.EMC	"VI_WTR1.WSA"
VOLC_J.EMC	"Z_DMV.WSA"
VOLC_J.EMC	"שיהיה לך יום נעים."
VOLC_J.EMC	"איזו דלת מעפנה."
VOLC_J.EMC	"העשן הזה מסריח."
VOLC_J.EMC	"אוויר חם."
VOLC_J.EMC	"פרי משונה."
VOLC_J.EMC	"בונסאי וולקני."
VOLC_J.EMC	"""מחלקת ייעוץ עוגנים."""
VOLC_J.EMC	"אני לא רוצה לעשות את זה."
VOLC_J.EMC	"וואו, זה לוהט!"
VOLC_J.EMC	"מים צלולים."
VOLC_J.EMC	"הייתי חובש כובע במקומך."
VOLC_J.EMC	"זוהי נסיעה מטלטלת."
VOLC_J.EMC	"פורטלים או פתחי אוורור, הבחירה בידיך."
VOLC_J.EMC	"המחיר הוא ארבעה צדפים..."
VOLC_J.EMC	"בעבור העלון שלנו, המתאר את המזבח הניצב במרכז העולם."
VOLC_J.EMC	"תזדקקי לארבעה צדפים בשביל לקבל את העלון."
VOLC_J.EMC	"תודה לך."
VOLC_J.EMC	"חסרים לך רק עוד שלושה צדפים."
VOLC_J.EMC	"חסרים לך רק עוד שני צדפים."
VOLC_J.EMC	"חסר לך רק עוד צדף אחד."
VOLC_J.EMC	"ברכותיי!"
VOLC_J.EMC	"צעד ראשון נפלא!"
VOLC_J.EMC	"כעת, כדי לרשום אותך לקבלת אבן עוגן..."
VOLC_J.EMC	"...תצטרכי לשלם מחיר פעוט של ארבעה דולרי חול."
VOLC_J.EMC	"לא, תודה לך."
VOLC_J.EMC	"אני מקבל כתשלום רק צדפים ודולרי חול."
VOLC_J.EMC	"תצטרכי ארבעה דולרי חול להרשמה."
VOLC_J.EMC	"מצטער, תצטרכי לשלם את דמי ההרשמה לפקידה בקו הצהוב."
VOLC_J.EMC	"אבל אין שם אף אחד!"
VOLC_J.EMC	"היא בהפסקה. היא תחזור בעוד שלוש דקות."
VOLC_J.EMC	"איפה היא?"
VOLC_J.EMC	"היא בהפסקה. היא תחזור בעוד שתי דקות."
VOLC_J.EMC	"היא בהפסקה. היא תחזור בעוד דקה."
VOLC_J.EMC	"עברו שלוש דקות."
VOLC_J.EMC	"היא בטח מתעכבת."
VOLC_J.EMC	"תזדקקי לארבעה כוכבי ים עבור הביטוח."
VOLC_J.EMC	"חסרים לך רק עוד שלושה כוכבי ים."
VOLC_J.EMC	"חסרים לך רק עוד שני כוכבי ים."
VOLC_J.EMC	"חסר לך רק עוד כוכב ים אחד."
VOLC_J.EMC	"את יודעת, באת לי בטוב, ואת לקוחה נהדרת!"
VOLC_J.EMC	"איזה יופי."
VOLC_J.EMC	"עכשיו תגיד לי, איך אני יורדת למטה ומשיגה אחת מאבני העוגן האלו?"
VOLC_J.EMC	"בשביל ממש להגיע למרכז העולם..."
VOLC_J.EMC	"רוב האנשים פשוט קופצים דרך פתח אוורור."
VOLC_J.EMC	"אני מקבל תשלום רק בכוכבי ים."
VOLC_J.EMC	"חסרים לך רק עוד שלושה דולרי חול."
VOLC_J.EMC	"חסרים לך רק עוד שני דולרי חול."
VOLC_J.EMC	"חסר לך רק עוד דולר חול אחד."
VOLC_J.EMC	"מעולה!"
VOLC_J.EMC	"את כמעט מוכנה!"
VOLC_J.EMC	"כל מה שנשאר לך לעשות זה לשלם ארבעה כוכבי ים עבור הביטוח."
VOLC_J.EMC	"אני מקבל תשלום בדולרי חול בלבד."
VOLC_J.EMC	"תצטרכי ארבעה כוכבי ים להרשמה."
VOLC_J.EMC	"מצטער, תצטרכי לשלם את דמי ההרשמה לפקיד בקו הירוק."
VOLC_J.EMC	"הוא בהפסקה, הוא יחזור בעוד שלוש דקות."
VOLC_J.EMC	"איפה הוא?"
VOLC_J.EMC	"הוא בהפסקה. הוא יחזור בעוד שתי דקות."
VOLC_J.EMC	"הוא בהפסקה. הוא יחזור בעוד דקה."
VOLC_J.EMC	"הוא בטח מתעכב."
VOLC_J.EMC	"אי מוזר."
VOLC_J.EMC	"VJ_SMK1.WSA"
VOLC_J.EMC	"VJ_WTR1.WSA"
VOLC_J.EMC	"VJ_WTR2.WSA"
VOLC_J.EMC	"DMV.WSA"
VOLC_K.EMC	"חשבתי שיהיו פה יותר מקומות לעשות שופינג."
VOLC_K.EMC	"מצאת כבר את הדרך?"
VOLC_K.EMC	"האם עדיין הייתי מסתובבת כאן?"
VOLC_K.EMC	"אז, שמעתי שהמלך שלכם ברנדון הוא רווק מבוקש."
VOLC_K.EMC	"האם את מהמתמודדות?"
VOLC_K.EMC	"ברנדון!"
VOLC_K.EMC	"הא!"
VOLC_K.EMC	"קצת צעיר מדי לטעמי."
VOLC_K.EMC	"אז, יש מישהו אחר?"
VOLC_K.EMC	"אחד מהמיסטיקנים המלכותיים המפורסמים?"
VOLC_K.EMC	"לההה."
VOLC_K.EMC	"יש לי סוג של חבר, אהל הוא מתנהג ממש מוזר לאחרונה."
VOLC_K.EMC	"מה זאת אומרת, החבר שלך מתנהג מוזר?"
VOLC_K.EMC	"הוא לא החבר שלי."
VOLC_K.EMC	"רק סוג של, את יודעת."
VOLC_K.EMC	"אה, רומן סודי."
VOLC_K.EMC	"כמה מתוק."
VOLC_K.EMC	"אכפת לך לא לדון בחיי הפרטיים?"
VOLC_K.EMC	"פתחי אוויר וסלעים."
VOLC_K.EMC	"המיסטיקן הראשי שלנו אמר שאני אמורה לעשות משהו עם סלעים ופתחי אוויר..."
VOLC_K.EMC	"אבל לא היה לי מושג שלזה הוא התכוון."
VOLC_K.EMC	"אז איזה סוג של צרה נפל על מילטוניה?"
VOLC_K.EMC	"גשם של צפרדעים."
VOLC_K.EMC	"קורה בכל קיץ."
VOLC_K.EMC	"גועל נפש, למען האמת."
VOLC_K.EMC	"איחחחחח!"
VOLC_K.EMC	"קוראים לי זאנתיה."
VOLC_K.EMC	"הגעתי לכאן מקירנדיה."
VOLC_K.EMC	"נעים לפגוש אותך."
VOLC_K.EMC	"אני ג'סיקה, אשפית מתלמדת ממילטוניה."
VOLC_K.EMC	"לא תודה."
VOLC_K.EMC	"העשן הזה מסריח."
VOLC_K.EMC	"אוויר חם."
VOLC_K.EMC	"פרי מוזר."
VOLC_K.EMC	"בונסאי וולקני."
VOLC_K.EMC	"אני לא רוצה לעשות את זה."
VOLC_K.EMC	"וואו, זה לוהט!"
VOLC_K.EMC	"מים צלולים."
VOLC_K.EMC	"אי משונה."
VOLC_K.EMC	"VK_LAV1.WSA"
VOLC_K.EMC	"VK_SMK1.WSA"
VOLC_K.EMC	"JESSICA.WSA"
VOLC_L.EMC	"נוף יוצא דופן."
VOLC_L.EMC	"אני לא רוצה לעשות את זה."
VOLC_L.EMC	"וואו, זה לוהט!"
VOLC_L.EMC	"מים צלולים."
VOLC_L.EMC	"אי משונה."
VOLC_L.EMC	"VL_LAV1.WSA"
VOLC_L.EMC	"VL_LAV2.WSA"
VOLC_L.EMC	"VL_SMK.WSA"
VOLC_M.EMC	"חשבתי שיהיו פה יותר מקומות לעשות שופינג."
VOLC_M.EMC	"מצאת כבר את הדרך?"
VOLC_M.EMC	"האם עדיין הייתי מסתובבת כאן?"
VOLC_M.EMC	"אז, שמעתי שהמלך שלכם ברנדון הוא רווק מבוקש."
VOLC_M.EMC	"האם את מהמתמודדות?"
VOLC_M.EMC	"ברנדון!"
VOLC_M.EMC	"הא!"
VOLC_M.EMC	"קצת צעיר מדי לטעמי."
VOLC_M.EMC	"אז, יש מישהו אחר?"
VOLC_M.EMC	"אחד מהמיסטיקנים המלכותיים המפורסמים?"
VOLC_M.EMC	"לההה."
VOLC_M.EMC	"יש לי סוג של חבר, אהל הוא מתנהג ממש מוזר לאחרונה."
VOLC_M.EMC	"מה זאת אומרת, החבר שלך מתנהג מוזר?"
VOLC_M.EMC	"הוא לא החבר שלי."
VOLC_M.EMC	"רק סוג של, את יודעת."
VOLC_M.EMC	"אה, רומן סודי."
VOLC_M.EMC	"כמה מתוק."
VOLC_M.EMC	"אכפת לך לא לדון בחיי הפרטיים?"
VOLC_M.EMC	"פתחי אוויר וסלעים."
VOLC_M.EMC	"המיסטיקן הראשי שלנו אמר שאני אמורה לעשות משהו עם סלעים ופתחי אוויר..."
VOLC_M.EMC	"אבל לא היה לי מושג שלזה הוא התכוון."
VOLC_M.EMC	"אז איזה סוג של צרה נפל על מילטוניה?"
VOLC_M.EMC	"גשם של צפרדעים."
VOLC_M.EMC	"קורה בכל קיץ."
VOLC_M.EMC	"גועל נפש, למען האמת."
VOLC_M.EMC	"איחחחחח!"
VOLC_M.EMC	"קוראים לי זאנתיה."
VOLC_M.EMC	"הגעתי לכאן מקירנדיה."
VOLC_M.EMC	"נעים לפגוש אותך."
VOLC_M.EMC	"אני ג'סיקה, אשפית מתלמדת ממילטוניה."
VOLC_M.EMC	"לא תודה."
VOLC_M.EMC	"העשן הזה מסריח."
VOLC_M.EMC	"אוויר חם."
VOLC_M.EMC	"פרי מוזר."
VOLC_M.EMC	"בונסאי וולקני."
VOLC_M.EMC	"גבישים חזקים."
VOLC_M.EMC	"אני לא רוצה לעשות את זה."
VOLC_M.EMC	"וואו, זה לוהט!"
VOLC_M.EMC	"מים צלולים."
VOLC_M.EMC	"אי משונה."
VOLC_M.EMC	"VM_SMK1.WSA"
VOLC_M.EMC	"VM_SMK2.WSA"
VOLC_M.EMC	"VM_WTR1.WSA"
VOLC_M.EMC	"JESSICA.WSA"
VOLC_N.EMC	"VENTNFLY.WSA"
VOLC_N.EMC	"וואאאה!"
VOLC_N.EMC	"אני לא קופצת לשם בלי מגנט האלכימאים שלי!"
VOLC_N.EMC	"VENTN.WSA"
VOLC_N.EMC	"מה זה? פתח אוויר חם?"
VOLC_N.EMC	"אוויר חם."
VOLC_N.EMC	"אני לא רוצה לעשות את זה."
VOLC_N.EMC	"וואו, זה לוהט!"
VOLC_N.EMC	"מים צלולים."
VOLC_N.EMC	"אי משונה."
VOLC_N.EMC	"VN_LAV1.WSA"
VOLC_N.EMC	"VN_LAV2.WSA"
VOLC_N.EMC	"VN_SMK1.WSA"
VOLC_N.EMC	"VN_WTR.WSA"
VOLC_O.EMC	"Z_POP.WSA"
VOLC_O.EMC	"אמא מטפלת בעסקים."
VOLC_O.EMC	"זאת מעלית?"
VOLC_O.EMC	"אני לא רוצה לעשות את זה."
VOLC_O.EMC	"וואו, זה לוהט!"
VOLC_O.EMC	"מים צלולים."
VOLC_O.EMC	"אני לא נותנת להם את זה!"
VOLC_O.EMC	"את יודעת איך אני יכולה להגיע למרכז העולם?"
VOLC_O.EMC	"הגעת למקום הנכון יקירתי."
VOLC_O.EMC	"קחי עט פרסומת."
VOLC_O.EMC	"לא תודה."
VOLC_O.EMC	"כל העניין הוא פתחי אוויר וסלעים, יקירתי."
VOLC_O.EMC	"בעבור שישה דולרי חול בלבד תוכלי לקנות עותק של..."
VOLC_O.EMC	"...מפת הדרך למזבח שבמרכז העולם."
VOLC_O.EMC	"אצטרך שישה דולרי חול בשביל העלון."
VOLC_O.EMC	"תודה."
VOLC_O.EMC	"חסרים לך רק עוד חמישה דולרי חול."
VOLC_O.EMC	"חסרים לך רק עוד ארבעה דולרי חול."
VOLC_O.EMC	"חסרים לך רק עוד שלושה דולרי חול."
VOLC_O.EMC	"חסרים לך רק עוד שני דולרי חול."
VOLC_O.EMC	"חסר לך רק עוד דולר חול אחד."
VOLC_O.EMC	"ברכותיי!"
VOLC_O.EMC	"צעד ראשון מצויין!"
VOLC_O.EMC	"כעת, כדי לרשום אותך לקבלת אבן עוגן..."
VOLC_O.EMC	"...תצטרכי לשלם מחיר פעוט של שישה כוכבי ים."
VOLC_O.EMC	"לא, תודה לך."
VOLC_O.EMC	"אנחנו מקבלים תשלום בדולרי חול."
VOLC_O.EMC	"העלון עולה שישה כוכבי ים."
VOLC_O.EMC	"חסרים לך רק עוד חמישה כוכבי ים."
VOLC_O.EMC	"חסרים לך רק עוד ארבעה כוכבי ים."
VOLC_O.EMC	"חסרים לך רק עוד שלושה כוכבי ים."
VOLC_O.EMC	"חסרים לך רק עוד שני כוכבי ים."
VOLC_O.EMC	"חסר לך רק עוד כוכב ים אחד."
VOLC_O.EMC	"מעולה!"
VOLC_O.EMC	"את כמעט מוכנה!"
VOLC_O.EMC	"כל מה שחסר לך לעשות זה לשלם שש קונכיות עבור טפסי הביטוח."
VOLC_O.EMC	"אנחנו מקבלים תשלום בכוכבי ים."
VOLC_O.EMC	"תצטרכי ששה צדפים כדי לשלם על העלון."
VOLC_O.EMC	"חסרים לך רק עוד חמישה צדפים."
VOLC_O.EMC	"חסרים לך רק עוד ארבעה צדפים."
VOLC_O.EMC	"חסרים לך רק עוד שלושה צדפים."
VOLC_O.EMC	"חסרים לך רק עוד שני צדפים."
VOLC_O.EMC	"חסר לך רק עוד צדף אחד."
VOLC_O.EMC	"את יודעת, היית שותפה נהדרת, ואחלה לקוחה!"
VOLC_O.EMC	"זה פשוט נפלא."
VOLC_O.EMC	"כעת אמרי נא לי, איך אני יורד למטה ומשיג את אחד מאבני העוגן האלה?"
VOLC_O.EMC	"עבור המסע האמיתי למטה אל בטן העולם..."
VOLC_O.EMC	"...רוב האנשים פשוט קופצים במורד אחד מפתחי האוויר החם."
VOLC_O.EMC	"אני דורש תשלום בצדפים."
VOLC_O.EMC	"שיהיה לך יום נהדר."
VOLC_O.EMC	"אי משונה."
VOLC_O.EMC	"VO_LAV.WSA"
VOLC_O.EMC	"VO_SMK.WSA"
VOLC_O.EMC	"VO_WTR1.WSA"
VOLC_O.EMC	"VO_WTR2.WSA"
VOLC_O.EMC	"POP.WSA"
VOLC_O.EMC	"MOM.WSA"
VOLC_P.EMC	"זה נראה בעל ערך."
VOLC_P.EMC	"לפחות קיבלתי את המזכרת הזו."
VOLC_P.EMC	"דולר חול."
VOLC_P.EMC	"פרי מוזר."
VOLC_P.EMC	"בונסאי וולקני."
VOLC_P.EMC	"אני לא רוצה לעשות את זה."
VOLC_P.EMC	"וואו, זה לוהט!"
VOLC_P.EMC	"מים צלולים."
VOLC_P.EMC	"אי משונה."
VOLC_P.EMC	"VP_LAV.WSA"
VOLC_P.EMC	"VP_SMK1.WSA"
VOLC_P.EMC	"VP_SMK2.WSA"
VOLC_P.EMC	"VP_WTR.WSA"
WHARF.EMC	"מי מלח."
WHARF.EMC	"נראה שהוא שקוע בסוג של טראנס."
WHARF.EMC	"נראה שזה לא מספיק חזק."
WHARF.EMC	"-פיהוק-"
WHARF.EMC	"איזו שנ""צ כיפית."
WHARF.EMC	"אני לא חושבת שזה יעזור להעיר אותו מהטראנס."
WHARF.EMC	"המדים האלה מביכים."
WHARF.EMC	"קדימה, בואו נצא לדרך."
WHARF.EMC	"למה את מחכה?"
WHARF.EMC	"הנמיכו את התולעים!"
WHARF.EMC	"אתן לך את זה תמורת נסיעה בסירה שלך."
WHARF.EMC	"אין עסקה. אנחנו מקבלים רק כרטיסים מהחנות בעיר."
WHARF.EMC	"דג גדול."
WHARF.EMC	"המממם. נחושת."
WHARF.EMC	"מאיזו חנות פתיונות הם השיגו את זה?!"
WHARF.EMC	"מי לכל הרוחות יתנדב לעבודה כזאת?"
WHARF.EMC	"סירה מוזרה."
WHARF.EMC	"יום קשוח לגלישת גלים."
WHARF.EMC	"WFISH.WSA"
WHARF.EMC	"WCRANE.WSA"
WHARF.EMC	"BORDBOAT.WSA"
WHARF.EMC	"WWATER.WSA"
WHEEL.EMC	"השסתום עכשיו פתוח."
WHEEL.EMC	"השסתום עכשיו סגור."
WHEEL.EMC	"היי! המקל הזה תוקע את הגלגלים."
WHEEL.EMC	"מוזר, זה נראה כמו חתיכה מסירת הדיג."
WHEEL.EMC	"וואו! הזרם החשמלי נראה מסוכן!"
WHEEL.EMC	"אני חושבת שמגנט אחד יספיק."
WHEEL.EMC	"מגנטי!"
WHEEL.EMC	"כלום לא קרה."
WHEEL.EMC	"יש בפנים קצת חיטה טחונה..."
WHEEL.EMC	"אם רק יכולתי לגרד אותה החוצה."
WHEEL.EMC	"יש בפנים קצת צנון טחון..."
WHEEL.EMC	"הטוחן בפעולה."
WHEEL.EMC	"הטוחן לא עובד."
WHEEL.EMC	"הצנון מרוסק..."
WHEEL.EMC	"איך אוכל להוציא את זה משם?"
WHEEL.EMC	"התבואה נמחצה..."
WHEEL.EMC	"כעת יש לי תבואה טחונה."
WHEEL.EMC	"כעת יש לי צנונית טחונה."
WHEEL.EMC	"אין מה לגרד החוצה."
WHEEL.EMC	"כבר יש משהו בקערה שלי."
WHEEL.EMC	"לא הספקתי להשיג דגן בזמן..."
WHEEL.EMC	"פתח הבקבוק קטן מדי."
WHEEL.EMC	"לא הספקתי להוציא צנון טחון בזמן..."
WHEEL.EMC	"ממש לא הייתי רוצה לרסק את זה."
WHEEL.EMC	"לא הייתי רוצה לרסק את זה."
WHEEL.EMC	"אני לא רוצה לרסק את המקל שלי."
WHEEL.EMC	"אני לא רוצה לרסק את מר רפאים האומלל."
WHEEL.EMC	"לא בא לי להרוס את המזמרה שלי."
WHEEL.EMC	"אני אפילו לא רוצה לחשוב על להרוס את זה!"
WHEEL.EMC	"אני לא מתכוונת לסכן את השיקוי שלי."
WHEEL.EMC	"זה לא שווה את ההרס."
WHEEL.EMC	"אם ארסק את זה, איך אשתה בעתיד בירת שורשים?"
WHEEL.EMC	"אני בספק אם שודד הים יוכל להשתמש בזה עכשיו."
WHEEL.EMC	"השן היתה חסרת ערך ממילא."
WHEEL.EMC	"זה מרוסק!"
WHEEL.EMC	"נוף כפרי מרהיב."
WHEEL.EMC	"המים נראים צלולים ביותר."
WHEEL.EMC	"זה עלול לטבוע ולעולם לא אראנו יותר."
WHEEL.EMC	"איזה אשד מרענן."
WHEEL.EMC	"המים בקושי זורמים."
WHEEL.EMC	"עכשיו זה מסתובב בצורה חלקה."
WHEEL.EMC	"משהו כאן נראה לא בסדר."
WHEEL.EMC	"גלגלי השיניים כנראה תקועים."
WHEEL.EMC	"הוא נראה זועף."
WHEEL.EMC	"אבל אני לא זאת שתעודד את רוחו."
WHEEL.EMC	"הנדסה קירנדיינית טיפוסית."
WHEEL.EMC	"למה שום דבר לא יכול להיות פשוט רגיל?"
WHEEL.EMC	"מכאן מגיעים כל המים."
WHEEL.EMC	"WHEELSTP.WSA"
WHEEL.EMC	"WHEEL.WSA"
WHEEL.EMC	"SHOCK.WSA"
WHEEL.EMC	"AXLE.WSA"
WHEEL.EMC	"TURNWHEL.WSA"
WHEEL.EMC	"ZANSHOCK.WSA"
_IDLBRSH.EMC	"_Z2BRUSH.SHP"
_IDLDIRT.EMC	"_ZFOOT.SHP"
_IDLDUST.EMC	"_ZDUST.SHP"
_IDLHAIR.EMC	"_ZHAIR.SHP"
_IDLLEAN.EMC	"_ZDUST.SHP"
_IDLNOSE.EMC	"_Z2NOSE.SHP"
_IDLTOSS.EMC	"_ZFOOT.SHP"
_NPC.EMC	"אני לא מרגישה כל כך טוב..."
_NPC.EMC	"אוי לא..."
_NPC.EMC	"שמישהו יביא מגב, מהר!"
_NPC.EMC	"אוי לא! נראה לי שאני הולכת להקיא!"
_NPC.EMC	"מהר, הארנק שלה!"
_NPC.EMC	"בוא נתחפף לפני שהשריף יחזור!"
_NPC.EMC	"טוב, אני קצת צמאה..."
_NPC.EMC	"_ZMEDUSA.EMC"
_NPC.EMC	"איייייייף! אין מצב שזה יהיה טוב לקצוות המפוצלים שלי."
_NPC.EMC	"מהר!"
_NPC.EMC	"את יודעת, תמיד אהבתי אותך."
_NPC.EMC	"מגניב!"
_NPC.EMC	"טריק מעולה... אבל איפה המכתבים שלי?"
_NPC.EMC	"מעולה!"
_NPC.EMC	"<גלוג!>"
_NPC.EMC	"זה לא עזר לריח הפה שלי."
_NPC.EMC	"אייייייייח."
_NPC.EMC	"יאו! חריף!"
_NPC.EMC	"_ZSICK.EMC"
_NPC.EMC	"יאאאאק! מלוח ודגיגי!"
_NPC.EMC	"אוווו. אוכמניות טריות."
_NPC.EMC	"אייייייכס. לא אהבתי את זה!"
_NPC.EMC	"נראה שזה בדיוק במידה של פאון."
_NPC.EMC	"היי! הקליפה על הענף הזה עדיין זזה."
_NPC.EMC	"מעניין אם זה היה שייך לשודד ים?"
_NPC.EMC	"אני לא צמח."
_NPC.EMC	"איף, זה מסריח."
_NPC.EMC	"כדאי שאהפוך את עוגן העופרת הזה לזהב."
_NPC.EMC	"זה המון זהב."
_NPC.EMC	"זה מדגדג!"
_NPC.EMC	"עכשיו אני מרגישה כמו אלכימאית אמיתית."
_NPC.EMC	"גרעפס!"
_NPC.EMC	"אני לא מרגישה מהירה יותר."
_NPC.EMC	"אההההה."
_NPC.EMC	"אייייייייייכס!"
_NPC.EMC	"איי! זה שרף לי בלשון."
_NPC.EMC	"מעט חם מדי לטעמי."
_NPC.EMC	"מלקולם, ליצן החצר"
_NPC.EMC	"ארמון קירנדיה"
_NPC.EMC	"--הוחזר לשולח--"
_NPC.EMC	"לידי סקוטיה, מכשפה מרשעת"
_NPC.EMC	"בצבא האפל"
_NPC.EMC	"ארמון קימריה"
_NPC.EMC	"אדמה מס. 13127, לור"
_NPC.EMC	"האיכר גרינברי"
_NPC.EMC	"עמק ערפילי בוקר"
_NPC.EMC	"קירנדיה, ק.י."
_NPC.EMC	"הרמן מיינסטר"
_NPC.EMC	"מפעל הגבינה א.ק.מ.י"
_NPC.EMC	"היער הערפילי"
_NPC.EMC	"שום דבר בבקבוק הזה."
_NPC.EMC	"אני תוהה איפה אוכל להשיג לחבוב הזה גוף?"
_NPC.EMC	"לא רע."
_NPC.EMC	"אני לא חושבת שרציתי לאכול את זה."
_NPC.EMC	"המממם. רך."
_NPC.EMC	"צריך רוטב."
_NPC.EMC	"קראנצ'י."
_NPC.EMC	"לא ראיתי שום סוסים בסביבה."
_NPC.EMC	"יש לי הרגשה מוזרה לגבי הפרסה הזאת."
_NPC.EMC	"נס מדעי."
_NPC.EMC	"אוי לא! בפעם האחרונה שהסתפרתי המצאתי את המוהוק!"
_NPC.EMC	"לעולם לא עוד!"
_NPC.EMC	"אווווו זה חריף."
_NPC.EMC	"ארוחת בוקר של אלופים."
_NPC.EMC	"מעניין אם הקערית הזאת תוכל לשמש ככובע אופנתי?"
_NPC.EMC	"המתכון המקורי של האיכר גרינברי."
_NPC.EMC	"גולמי מדי לטעמי."
_NPC.EMC	"איייייכס! זה כמו יוגורט חמים."
_NPC.EMC	"אווו, פיקנטי!"
_NPC.EMC	"הלוואי שהיה לי פטיש..."
_NPC.EMC	"יכולתי לעשות מזה מטבע זהב."
_NPC.EMC	"למה שמישהו ירצה שן עופרת?"
_NPC.EMC	"למה שמישהו ירצה חילזון מעופרת?"
_NPC.EMC	"עכשיו זה נראה כמו מטבע."
_NPC.EMC	"עכשיו כל מה שחסר לי זה כמה אגרולים."
_NPC.EMC	"נמאס לי מהבדיחה עם התפוז בפה."
_NPC.EMC	"היי, זה מפתח."
_NPC.EMC	"בדרך כלל אני מתעבת דיג."
_NPC.EMC	"השובר הזה תקף רק ביום הוצאתו..."
_NPC.EMC	"לא ניתן להעברה..."
_NPC.EMC	"ללא כפל מבצעים..."
_NPC.EMC	"ט.ל.ח..."
_NPC.EMC	"רק בסניפים המשתתפים."
_NPC.EMC	"המממם. בפעם האחרונה הייתי צריכה לשלם 12 קרונות על טיפול בוץ לפנים."
_NPC.EMC	"מי גאון של אימא?"
_NPC.EMC	"גרעפס!"
_NPC.EMC	"סליחה."
_NPC.EMC	"היה לזה טעם של בונזו לדרקונים."
_NPC.EMC	"וינטאג' זול."
_NPC.EMC	"לא נראה לי שהייתי צריכה לעשות את זה."
_NPC.EMC	"לא מאמינה שעשיתי את זה."
_NPC.EMC	"שלום מר מקל, האם אתה עוקב אחרי?"
_NPC.EMC	"הם אף פעם לא מנקים את הדברים האלה?"
_NPC.EMC	"_ZDRINK.EMC"
_NPC.EMC	"יותר מדי מתוקים!"
_NPC.EMC	"אין מצב שאוכל לשתות עוד."
_NPC.EMC	"בחיים לא אשתה עוד!"
_NPC.EMC	"יש לי מחלת ים."
_NPC.EMC	"_ZTAFFY.EMC"
_NPC.EMC	"ממממפף בבבפפפחח..."
_NPC.EMC	"ייבממממפח פנננננד."
_NPC.EMC	"די, אני לא מסוגלת לאכול יותר."
_NPC.EMC	"כדאי שלא אוכל עוד מזה!"
_NPC.EMC	"יף פיערר דדפפוקקקק מתפפיףףף."
_NPC.EMC	"היי, זה דף נוסף מספר הלחשים הישן שלי..."
_NPC.EMC	"כדאי שאחזיר את זה למקום."
_NPC.EMC	"עיני סלמנדרה מפלסטיק."
_NPC.EMC	"זאת היתה החבילה האחרונה שלי!"
_NPC.EMC	"כבד."
_NPC.EMC	"יו תראו, חצי צדפה."
_NPC.EMC	"זה לא נראה לי כמו דג."
_NPC.EMC	"מטבעות געשיים."
_NPC.EMC	"השמלה המסכנה שלי."
_NPC.EMC	"הוא כזה חמודי."
_NPC.EMC	"""שירותי הדרכה מלאים: שישה כוכבי ים."""
_NPC.EMC	"עור איכותי."
_NPC.EMC	"זה מדגדג."
_NPC.EMC	"אלה אולי יהיו שווים משהו."
_NPC.EMC	"למה אני סוחבת את הדבר הזה?"
_NPC.EMC	"זהב באמת עושה לי טוב בהרפתקאה הזאת."
_NPC.EMC	"מה הקטע עם כל העופרת?"
_NPC.EMC	"חבל שאני לא יכולה לקנות כלום עם זה."
_NPC.EMC	"זה יופי של משקולת חסרת ערך."
_NPC.EMC	"ברות' היה ממש אוהב את זה."
_NPC.EMC	"מנענעים אותו ויורד שלג!"
_NPC.EMC	"פרוותי."
_NPC.EMC	"נראה דומה קצת לרוח הרפאים ההוא."
_NPC.EMC	"יכולתי לשתול את אלה בגינה שלי."
_NPC.EMC	"נעליים מעופפות!"
_NPC.EMC	"זה מספיק לבינתיים."
_NPC.EMC	"אהא! יש דובון קטן בפנים."
_NPC.EMC	"נעליים מכונפות!"
_NPC.EMC	"כריך זריז!"
_NPC.EMC	"מזכיר לי את הדייגים."
_NPC.EMC	"אלה יהפכו לפחם מצויין אם אשרוף אותם."
_NPC.EMC	"פחם מעולה."
_NPC.EMC	"לפחות זה לא צהוב."
_NPC.EMC	"מדשאה קטנטנה וחמודה."
_NPC.EMC	"זה ממשיך וממשיך."
_NPC.EMC	"אלה היו קטנים יותר כשהייתי ילדה."
_NPC.EMC	"תופים עושים לי כאב ראש."
_NPC.EMC	"נוצות מאובקות."
_NPC.EMC	"היי! אני אלכימאית, לא מכשפה!"
_NPC.EMC	"מי אמר שלקחת סוכריה מתינוק זה קל?"
_NPC.EMC	"המממם. אולי אוכל להשתמש בזה בתור יתד?"
_NPC.EMC	"איכס. לא הריח החביב עליי ביותר בעולם."
_NPC.EMC	"כל מה שחסר לי עכשיו הוא תותח מוזהב."
_NPC.EMC	"הדבר הזה כבד יותר מהעוגן ההוא."
_NPC.EMC	"נשנושי יטי."
_NPC.EMC	"תמיד קשה להשיג חלקי חילוף."
_NPC.EMC	"משרוקית מסיבות קסומה!"
_NPC.EMC	"_ZTOYETI.EMC"
_NPC.EMC	"אני לא עושה צחוק מעצמי שוב!"
_NPC.EMC	"אני מרגישה כה... תחרותית."
_NPC.EMC	"משרוקית קסומה!"
_NPC.EMC	"מריח טוב כמעט כמו האקס המיתולוגי שלי. "
_NPC.EMC	"איפה ראיתי את זה קודם?"
_NPC.EMC	"המממם. כיתוב קטן..."
_NPC.EMC	"""רוי ג. ביב"""
_NPC.EMC	"עוד שטויות במיץ עגבניות, כנראה."
_NPC.EMC	"אין זמן למשחקים עכשיו."
_NPC.EMC	"חבל מאוד שזה לא במידה שלי."
_NPC.EMC	"מזכיר לי פיה שהרבצתי לה פעם."
_NPC.EMC	"שעווה איכותית ביותר."
_NPC.EMC	"קריר."
_NPC.EMC	"יופי. עכשיו יש לי זפת על הידיים."
_NPC.EMC	"ברנדון היה מסתובב עם כיסים מלאים בהם."
_NPC.EMC	"אני שונאת אגוזי לוז."
_NPC.EMC	"נראה כמו שיקוי הכריך."
_NPC.EMC	"מריח כמו אוכמניות."
_NPC.EMC	"אוווו. נצנצים סגולים..."
_NPC.EMC	"מוכנה להתערב שייצא מזה שיקוי אינדיגו מהמם."
_NPC.EMC	"נראה כמו שיקוי הנעליים המעופפות."
_NPC.EMC	"נראה כמו שיקוי הדובון."
_NPC.EMC	"שגיאה: פריט לא מקודד!"
_NPC.EMC	"שגיאה: זה לא אמור לקרות."
_NPC.EMC	"קלחת הטיולים הנאמנה שלי..."
_NPC.EMC	"לא אצא מהבית בלעדיה."
_START01.EMC	"INHOME"
_START01.EMC	"OUTHOME"
_START01.EMC	"DOCK"
_START01.EMC	"FLYTRAP"
_START01.EMC	"GNARL"
_START01.EMC	"FERRY"
_START01.EMC	"NEST"
_START01.EMC	"OUTHERB"
_START01.EMC	"INHERB"
_START01.EMC	"QUICK"
_START01.EMC	"CROC"
_START01.EMC	"SULFUR"
_START01.EMC	"FISHER"
_START01.EMC	"CRICKET"
_START01.EMC	"HOLE"
_START01.EMC	"RAT"
_START01.EMC	"SKULL"
_START01.EMC	"SKY"
_START01.EMC	"MEADOW"
_START01.EMC	"OUTGATE"
_START01.EMC	"WHEEL"
_START01.EMC	"OUTFARM"
_START01.EMC	"GARDEN"
_START01.EMC	"CELLAR"
_START01.EMC	"TAVERN"
_START01.EMC	"ALLEY"
_START01.EMC	"INSTORE"
_START01.EMC	"INJAIL"
_START01.EMC	"INGATE"
_START01.EMC	"STREET"
_START01.EMC	"CLIFF"
_START01.EMC	"ROPE"
_START01.EMC	"ALTAR"
_START01.EMC	"WHARF"
_START01.EMC	"ONBOAT"
_START01.EMC	"ISLE"
_START01.EMC	"JUNGLE"
_START01.EMC	"MARKHME"
_START01.EMC	"PHONE_A"
_START01.EMC	"PHONE_B"
_START01.EMC	"ANCHOR"
_START01.EMC	"DINOA"
_START01.EMC	"DINOB"
_START01.EMC	"DINOC"
_START01.EMC	"DINOD"
_START01.EMC	"VOLC_A"
_START01.EMC	"VOLC_B"
_START01.EMC	"VOLC_C"
_START01.EMC	"VOLC_D"
_START01.EMC	"VOLC_E"
_START01.EMC	"VOLC_F"
_START01.EMC	"VOLC_G"
_START01.EMC	"VOLC_H"
_START01.EMC	"VOLC_I"
_START01.EMC	"VOLC_J"
_START01.EMC	"VOLC_K"
_START01.EMC	"VOLC_L"
_START01.EMC	"VOLC_M"
_START01.EMC	"VOLC_N"
_START01.EMC	"VOLC_O"
_START01.EMC	"VOLC_P"
_START01.EMC	"VOLCANO"
_START01.EMC	"VSURF"
_START01.EMC	"PHONE_C"
_START01.EMC	"FALL"
_START01.EMC	"BRIDGE"
_START01.EMC	"CLEARNG"
_START01.EMC	"CLOSE"
_START01.EMC	"DOOR"
_START01.EMC	"FATE"
_START01.EMC	"FIGHT"
_START01.EMC	"FLOAT"
_START01.EMC	"FOOT"
_START01.EMC	"GEARS"
_START01.EMC	"HANOI"
_START01.EMC	"INCAVE"
_START01.EMC	"INSHOP"
_START01.EMC	"MYSTRM"
_START01.EMC	"OUTCAVE"
_START01.EMC	"PHONE_D"
_START01.EMC	"RAINA"
_START01.EMC	"RAINB"
_START01.EMC	"ROAD"
_START01.EMC	"STATION"
_START01.EMC	"TRAM"
_START01.EMC	"TREE"
_START01.EMC	"ZANT"
_START01.EMC	"HERB"
_START01.EMC	"TOA1"
_START01.EMC	"TOA2"
_START01.EMC	"FSH1"
_START01.EMC	"FSH2"
_START01.EMC	"BREU"
_START01.EMC	"FLYT"
_START01.EMC	"SRAT"
_START01.EMC	"DFLY"
_START01.EMC	"FAUN"
_START01.EMC	"MAR1"
_START01.EMC	"MAR2"
_START01.EMC	"----"
_START01.EMC	"FAU2"
_START01.EMC	"FAU3"
_START01.EMC	"FAU4"
_START01.EMC	"GHST"
_START01.EMC	"GRD1"
_START01.EMC	"GRD2"
_START01.EMC	"FRMR"
_START01.EMC	"SCRW"
_START01.EMC	"PIR1"
_START01.EMC	"PIR2"
_START01.EMC	"PIR3"
_START01.EMC	"PROT"
_START01.EMC	"CLRK"
_START01.EMC	"CPTN"
_START01.EMC	"SLR1"
_START01.EMC	"SLR2"
_START01.EMC	"OCTO"
_START01.EMC	"CBL1"
_START01.EMC	"CBL2"
_START01.EMC	"CBL3"
_START01.EMC	"SCRB"
_START01.EMC	"JALR"
_START01.EMC	"MRK2"
_START01.EMC	"GATE"
_START01.EMC	"FGTA"
_START01.EMC	"FGTB"
_START01.EMC	"CPT2"
_START01.EMC	"CPT3"
_START01.EMC	"PSIT"
_START01.EMC	"GRD3"
_START01.EMC	"GRD4"
_START01.EMC	"MRK3"
_START01.EMC	"FSH3"
_START01.EMC	"FSH4"
_START01.EMC	"JESC"
_START01.EMC	"JESG"
_START01.EMC	"JESK"
_START01.EMC	"JESM"
_START01.EMC	"JESA"
_START01.EMC	"SMAR"
_START01.EMC	"DMVM"
_START01.EMC	"DMVW"
_START01.EMC	"DMVB"
_START01.EMC	"MOMM"
_START01.EMC	"POPP"
_START01.EMC	"MRKA"
_START01.EMC	"TRE1"
_START01.EMC	"TRE2"
_START01.EMC	"TRE3"
_START01.EMC	"KNIT"
_START01.EMC	"MYS1"
_START01.EMC	"MYS2"
_START01.EMC	"SQRL"
_START01.EMC	"MTHR"
_START01.EMC	"HUN1"
_START01.EMC	"HUN2"
_START01.EMC	"SNO1"
_Z1BEXCL.EMC	"_Z1BEXCL.SHP"
_Z1BQUES.EMC	"_Z1BQUES.SHP"
_Z1BSTMT.EMC	"_Z1BSTMT.SHP"
_Z1FEXCL.EMC	"_Z1FEXCL.SHP"
_Z1FQUES.EMC	"_Z1FQUES.SHP"
_Z1FSTMT.EMC	"_Z1FSTMT.SHP"
_Z1SEXCL.EMC	"_Z1SEXCL.SHP"
_Z1SQUES.EMC	"_Z1SQUES.SHP"
_Z1SSTMT.EMC	"_Z1SSTMT.SHP"
_Z3IDLE.EMC	"_Z3IDLE.SHP"
_Z4IDLE.EMC	"_Z4IDLE.SHP"
_Z4SNAP.EMC	"_Z4SNAP.SHP"
_Z6IDLE.EMC	"_Z6IDLE.SHP"
_Z7IDLE.EMC	"_Z7IDLE.SHP"
_Z8IDLE.EMC	"_Z8IDLE.SHP"
_ZANBURN.EMC	"_ZANBURN.SHP"
_ZBPICK.EMC	"_Z1BPICK.SHP"
_ZCROC.EMC	"_ZCROC.SHP"
_ZDRINK.EMC	"_ZDRINK.SHP"
_ZFIT.EMC	"_ZFIT.SHP"
_ZGHOST1.EMC	"_Z2SBOTL.SHP"
_ZGHOST2.EMC	"_Z2SBOTL.SHP"
_ZHAYBAL.EMC	"_ZSEARCH.SHP"
_ZMEDUSA.EMC	"_ZMEDUSA.SHP"
_ZPOEM.EMC	"_ZPOEM.SHP"
_ZPOUR.EMC	"_ZPOUR.SHP"
_ZPSHTRE.EMC	"_ZPUSH.SHP"
_ZSHOCK.EMC	"_ZSHOCK.SHP"
_ZSICK.EMC	"_ZSICK.SHP"
_ZSNAPDN.EMC	"_ZSNAP.SHP"
_ZSNAPUP.EMC	"_ZSNAP.SHP"
_ZSNK1.EMC	"_ZRLS1.SHP"
_ZSNK2.EMC	"_ZRLS2.SHP"
_ZTAFFY.EMC	"_ZTAFFY.SHP"
_ZTICKLE.EMC	"_ZTICKLE.SHP"
_ZTIPTOE.EMC	"_ZTIPTOE.SHP"
_ZTOYETI.EMC	"_ZTOYETI.SHP"
